the_geom,nyc_business_solutions_center__brooklyn,the_hope_program,st_nicks_alliance__employment_assistance,st_nicks_alliance__adult_education,rbscc_homebase,queens_educational_opportunity_center,pratt_area_community_council,phipps_opportunity_center,opportunites_for_a_better_tomorrow,ofe___financial_empowerment_center,nycha_resident_training_academy_nrta,cartodb_id,northern_manhattan_improvement_corporation___employment_assista,field_12,manhattan_educational_opportunity_center_meoc,jobs_plus_bedford_stuyvesant_restoration_corporation,henry_street_settlement_employment_assistance,henry_street_settlement__adult_education,henry_street_settlement___financial_counseling,brooklyn_workforce_innovations,brooklyn_educational_opportunity_center,bedford_stuyvesant_restoration_corporation,development,borough
0106000020E6100000010000000103000000010000000A00000022A7DE10117C52C04118F9B61D594440544CCFA9107C52C00CD03F8B1959444078D0B434107C52C0B6C08EB314594440217422572C7C52C0BF58D1670E5944400A7FDD5F2F7C52C059C9A9BC0D594440FEB37905317C52C08651265F1F5944403F9DAB8E2E7C52C03833F7F41F5944409D20E8DE117C52C00834DFCF265944408C16053B117C52C0C55DC1881F59444022A7DE10117C52C04118F9B61D594440,0,0,11,8,0,0,0,1,9,6,0,1,0,0,0,0,0,0,0,0,2,14,303 VERNON AVENUE,BROOKLYN
0106000020E6100000010000000103000000010000000D000000D51559C6987B52C066CB6ABF0958444018DD4F2D997B52C0C6BD77240E584440795E4794997B52C05B2E307B12584440B3CC68BE997B52C0D12C7C371458444069414E709A7B52C06138F9611B5844409E65A06E8E7B52C0EA654F151E584440B573C4FA8C7B52C008AE00721E584440EC05ECC58A7B52C05F5E77F91E584440A32838018A7B52C0601972B917584440E30B0062897B52C0AD5EE8BB115844402770EEEC887B52C05464AB4F0D584440374195C0967B52C00C1870310A584440D51559C6987B52C066CB6ABF09584440,0,0,0,0,0,0,0,0,0,0,0,23,0,0,0,0,0,0,0,0,0,0,STUYVESANT GARDENS II,BROOKLYN
0106000020E610000001000000010300000001000000290000003314DEDB2F7F52C0F4F098FD06634440CD32FDD32E7F52C0755D9526066344404E31F223297F52C085DCACA401634440B933E0C3267F52C0E042AEF00763444070D88B1E237F52C0D8866A981163444043725DA5187F52C08EED6FE308634440DD3F9074137F52C03B5FAF9304634440CC03951C127F52C0298D297C036344400156EBA0157F52C09FD7E73FFA6244403EFD43741D7F52C077F8BB9FE5624440FF15A379237F52C0B15BA9C8D562444075E61DE3257F52C0C494526ECF62444029C99B0A287F52C0E7F61BC7C9624440315E8F6D287F52C0E9711C1DCA624440FEDEE9942D7F52C07922A790CE62444094B8296C327F52C0363487BCD262444004216A832F7F52C0B02CECA0DA624440BF5B22F3397F52C065B4F9B2E3624440FBB82895457F52C032DAD9BFED624440015FE57D487F52C0F981C9BEE5624440DBE76479517F52C01E41488EED62444024690FEB477F52C0C0CBF388086344404F27D542467F52C042A270350D634440FD7C776B447F52C05059377112634440E94DFF8D437F52C09D0DB7AF116344404E3105DE407F52C0C2A1346B0F634440A90FE6403E7F52C090E3DD2D0D634440076E32AD3B7F52C061AFD9FE0A6344402C4BC814397F52C00082ABC8086344405451C5C7367F52C0343727DA0663444060925AEA357F52C0ADA2F2C50363444034543DBB357F52C093214F28036344400050DB6F357F52C081F27C8302634440EE26F0CA347F52C08C0E2AC901634440FCCB4A42347F52C0DDEF7E5601634440872F828A337F52C0E186CE0E01634440E52F4BC9327F52C06A64EA400163444059CAC32D327F52C0CCF004C90163444010E117A5317F52C010399E6602634440B324671C317F52C0FF4A5F61036344403314DEDB2F7F52C0F4F098FD06634440,,,,,,,,,,,,3,,,,,,,,,,,AMSTERDAM,MANHATTAN
0106000020E61000000500000001030000000100000014000000BC2FE27ED67852C0BF8B431FAD6A444022C186FCDF7852C0B34C31718D6A44407B1F2344E57852C0389670D17B6A444034D044AAEA7852C01FE75C827F6A444064F05E70E97852C089EA2F9A836A44404FE19D6EE97852C0C88DFC98836A4440525075D1E87852C0038DC2A4856A444089E36BD3E87852C0BA6119A6856A4440F5268527E97852C0A18D98DF856A44401FB398B5E57852C0E71FD15A916A44406BB8AA62E57852C06C641E22916A4440C3F69535E47852C0B92A250F956A44400FF3294AE37852C01A0F0021986A44409EF55046E37852C0F9375E1E986A4440EEF4A202E27852C0362814559C6A44409FDBEA06E27852C0DB7A00589C6A4440149F86B6E17852C08BEE58649D6A44402255601DDD7852C0725AA7BDAC6A44409BE677E3DB7852C070F977D5B06A4440BC2FE27ED67852C0BF8B431FAD6A44400103000000010000000B000000B1C51B25D37852C0A69B3FFDB76A44401F2289F9D47852C08E73BCE4B16A4440236A6AECDF7852C0F6501E74B96A44407A04219DDB7852C00D7E5CFCC76A444082AE4E2DD67852C07020503BC46A44400F6FFAD9D67852C09EFE15FCC16A44407FA4234AD77852C0080B6E86C06A4440CC51DFC0D77852C01DC0E2FABE6A444046002737D87852C06385D770BD6A4440CF974CB3D87852C0595845D3BB6A4440B1C51B25D37852C0A69B3FFDB76A44400103000000010000000E00000062231EDEE07852C04B64E3D2C16A444025104329E27852C096D5C57DBD6A44405F63F2C9E77852C074087A59C16A4440C67ECC7EE67852C073E896AEC56A44400E989BF4E57852C01B586F7DC76A4440E076894AE57852C0D49F0FB7C96A4440230044D1E47852C0D0DE3A4DCB6A44407D226D5CE47852C0EDAF8FD4CC6A4440E8E71BE3E37852C01E51E56ACE6A444052D26A42DE7852C079CA308FCA6A44407B0ABDBBDE7852C0B42ADAF8C86A4440091D9430DF7852C0EB588471C76A44408303D9A9DF7852C028765ADBC56A444062231EDEE07852C04B64E3D2C16A44400103000000010000000F0000004FFD0830C67852C0C7F16327E36A444031188EBFC97852C0607BE44AD76A444098BE5E4FCF7852C041F6951BDB6A4440F3F389CDCF7852C010754877D96A44407D080F43D07852C0B9D6C7EFD76A4440C1E45CBAD07852C02F625762D66A4440D24CC64ED17852C0A923EF73D46A44404C2734DFD17852C06FADCC92D26A44400DB90483D27852C0DD1A1571D06A4440BF36DF23D37852C041793B59CE6A4440E55B66C4D37852C0D9247342CC6A444026C7D365D47852C07D29AE28CA6A44401E4BC2DBD97852C0730E9AE7CD6A4440B3BDED4BD17852C0707231C6EA6A44404FFD0830C67852C0C7F16327E36A44400103000000010000000F000000BF47CFE4DA7852C0B0AEE9D4D56A444031FF79BEDC7852C0CC797CA2CF6A444096C32B5FE27852C03296317ED36A4440EA4FA63EE27852C0EFA01FEBD36A44406E0FB983E07852C026F299B6D96A4440B36109E3DF7852C0215FC6D0DB6A4440F8255FCBDE7852C059A07079DF6A4440FB9AD9BEDE7852C0C61260A3DF6A444085537D9DDD7852C09B31826CE36A4440B4F46FD7DC7852C056DED703E66A444088B47114DB7852C095B84AEAEB6A4440F3B48475D57852C0328A9908E86A4440FEF88238D77852C0655D2722E26A444081D1732CD97852C080E0C097DB6A4440BF47CFE4DA7852C0B0AEE9D4D56A4440,,,,,,,,,,,,5,,,,,,,,,,,EAST 173RD STREET-VYSE AVENUE,BRONX
0106000020E6100000030000000103000000010000000C0000007F30F2F1677C52C0DA00CBD2FB594440E493D3F36B7C52C04666B20EFB594440C98B10786D7C52C0BC11A0A70D5A4440F37DC175697C52C0B8922E660E5A4440AE2A05DA5B7C52C0B443FCEC105A4440C128C57B5B7C52C0A66D33690C5A4440BBAB224A5B7C52C0591E85080A5A44401518F9175B7C52C08DE566A1075A44408FBE4DED5A7C52C097011D96055A4440B89646BD5A7C52C09D7A1D49035A4440A4DAC4575A7C52C0D7B4636CFE5944407F30F2F1677C52C0DA00CBD2FB5944400103000000010000000C000000A8313374697C52C053414F6D135A44405D997FE06D7C52C0B9036F98125A444007EC81616F7C52C048BF6AAF245A4440138C2EFA6A7C52C0F3BF4789255A4440A562A6A85F7C52C0E27E36B9275A4440D17491AA5D7C52C03DC0C91B285A4440551AA5135D7C52C0933A8B19215A44406F992EE65C7C52C0691815FD1E5A4440371A0F775E7C52C0AE4FB9B11E5A4440568A01B45D7C52C02487D5A2155A44401DAE9A44637C52C07FF30597145A4440A8313374697C52C053414F6D135A444001030000000100000015000000957862773D7C52C0783C29D7455A44400DEC43FC3B7C52C0CAC07482335A4440DF543A0E407C52C09D44DFBE325A4440D618CAE8497C52C0BBE45BE5305A4440C7D28CA54A7C52C0843EB8293A5A4440A0CB73054D7C52C017E330B7395A444015E37C6B4E7C52C0D5E1BA73395A4440C4E489964E7C52C0E174C7903B5A4440DA14360A507C52C0795DBE4A3B5A4440F2EDAD97507C52C05529A73C425A44405A66B0364F7C52C0AD382A7F425A44402860B1974F7C52C06C1E2864475A444012F65F1F507C52C086C5EE3C4E5A4440049F664D507C52C068CD798F505A44407FF8C878507C52C0E8C8DBBF525A444028C9E9D3507C52C03F8C0F59575A44404DD55204517C52C050E55FCA595A444044DD8AF8487C52C0C6C6764E5B5A4440C011DB583F7C52C0D214A21E5D5A444088B88CDC3D7C52C0A47C5EBB4A5A4440957862773D7C52C0783C29D7455A4440,1,1,12,0,14,0,0,0,9,24,2,6,0,0,0,0,0,0,1,0,7,28,BORINQUEN PLAZA I,BROOKLYN
0106000020E61000000100000001030000000100000012000000EB844986367C52C091C7F706355A444019F087B6387C52C0FDF564AA345A444061D087313A7C52C05AAFD52E495A44406899CDA73B7C52C06C4A44DE5D5A44402D51AB85397C52C01042DB3A5E5A4440C62B138F317C52C080F5D8975F5A4440D25456FB297C52C05FD217FC605A4440D1D52C22247C52C026A125EE615A4440E4C9617E237C52C09B5C4481595A44407BEB6D17237C52C0E6D29D28545A44408DD71499227C52C074B1D59B4D5A44404C07588E217C52C0EB7E22CF3F5A4440AB1CF301217C52C0F52DB5A4385A444066E40BD4227C52C05190374F385A444057FE2BF6247C52C020F5A3F2375A444039EE7AF8307C52C0E37EF1F1355A4440E367C507337C52C0C206829C355A4440EB844986367C52C091C7F706355A4440,0,0,0,13,13,0,0,0,16,20,3,7,0,0,0,0,0,0,0,0,7,18,BORINQUEN PLAZA II,BROOKLYN
0106000020E61000000100000001030000000100000029000000F5B7F5AD177C52C08AF820A3CA5944409C0CE406187C52C03A46A8F2CE59444008B45316197C52C0DE2E358DDC594440088842EE1C7C52C012B349E2DB594440ED1DB33D1D7C52C0699818ECE05944409501E27A1D7C52C0D1CFA801E15944405D4633C61D7C52C03C25BD01E1594440DBBB78321E7C52C07F5DDA01E15944406D25EB8B1E7C52C0D07EF201E15944400F4F6B141F7C52C038FF9617E15944402653FC7B1F7C52C018E9B217E15944406AC87725207C52C0849837FBE05944402B905CD8207C52C00B0FE8E5E0594440B3B8E160217C52C09B178DD0E0594440D037AB05227C52C0F7BB909EE05944403AF6348E227C52C070B18E6CE05944405678D645237C52C0FFE2990FE0594440455E5FCE237C52C0E212C1E4DF594440594AF07E237C52C065A072C5DA594440BC8AEA35277C52C0359E791ADA5944404FEAF3AC257C52C04CCD63CDC4594440BB2DF79B2C7C52C016A439EDC1594440F5436A482E7C52C08781883AC159444083A152DD347C52C02805D1E8165A44407BBA32BB327C52C0B331924C175A444053BC4C2C1B7C52C0A2D8B1C01B5A44404DCA41D8177C52C083EF78861B5A44401838D7D7127C52C0F37B212F1B5A444074094087107C52C0697F3F65165A4440E4D46F74107C52C0C01B6841165A4440F644E9300C7C52C02AA82FFD105A44402832643B097C52C06D8DB9A70D5A4440C637761A097C52C0DC17B17C0D5A4440ECD0B6E6087C52C01723D32D0D5A4440D5395E3D087C52C032515D1D0C5A4440DF146122057C52C0749A9A36075A444056C768AA017C52C098C96E99F859444057FFBE78FA7B52C01180BD23DA594440CCCF80CDFA7B52C093BBD7F8D9594440F23A3006167C52C0AE8BF587CB594440F5B7F5AD177C52C08AF820A3CA594440,3,1,21,0,2,0,0,0,17,18,4,8,0,0,1,0,0,0,0,2,4,31,BUSHWICK,BROOKLYN
0106000020E6100000010000000103000000010000001B000000AD6C64ACCC7C52C06C4581B515584440DD59D000CD7C52C05FB693C218584440790A949BCD7C52C0A96CBC861E5844405CC3AD59CD7C52C07A4402951E584440D53E903ACC7C52C03F923FD51E584440166ADA24CB7C52C09F29A81C1F5844406941250FCA7C52C0D575E55C1F5844402B6632DDC87C52C09C8249A41F58444029CB40ABC77C52C03287ABEB1F584440551DD690C67C52C02B71E92B20584440F9002F5AC57C52C041364A7320584440F6650F3BC47C52C0322BB0BA20584440E6453C17C37C52C07BC4E9FA20584440CA6E68F3C17C52C0EC6B504221584440CAEFFED8C07C52C0E9E58D8221584440449688DFBF7C52C01486A7BB215844400F1FF1D7BE7C52C0532AE7FB21584440627979DEBD7C52C077A7003522584440F29387BDBD7C52C04D67243C225844403089C822BD7C52C0CFC0D1701C584440D27C9970BC7C52C0B841B0AA15584440B7974EEDBB7C52C0BB3956B610584440CF4B38EBC97C52C01E1A29730D584440C844F050CB7C52C00EF27D1D0D584440CBA551CBCB7C52C0C13AF0000D584440990B4C53CC7C52C0E0AF454B12584440AD6C64ACCC7C52C06C4581B515584440,0,0,0,0,0,0,0,0,0,0,0,18,0,0,0,0,0,0,0,0,0,0,MARCY AVENUE-GREENE AVENUE SITE A,BROOKLYN
0106000020E6100000010000000103000000010000002900000007942B36D97C52C097B76CEA155844400590BEE1D87C52C0C08D5ADD12584440DD5E7196D87C52C0D00B4ADD12584440177880B4D77C52C03500BD241358444090CE5166D67C52C0B041457313584440ACD4F52AD57C52C09742A8BA13584440FBACB7FDD37C52C044670A021458444025BDA8BDD27C52C0A9296C49145844400A8B6A90D17C52C0900AD0901458444027C14A71D07C52C0B92962DF145844407ED80F44CF7C52C02E1648111558444011DDD216CE7C52C08DAEAB5815584440AD6C64ACCC7C52C06C4581B515584440990B4C53CC7C52C0E0AF454B12584440CBA551CBCB7C52C0C13AF0000D584440C670E282CC7C52C0D1B019D60C584440E9F26AABCD7C52C0C41CB78E0C584440024C3DCFCE7C52C07BBD7A4E0C58444067397BFCCF7C52C01E1617070C584440E4802133D17C52C0F47BB3BF0B584440FBC2C769D27C52C0AAB651780B584440F82224A5D37C52C0E199C7290B58444059A29DEED47C52C033D667E20A58444018A58F20D67C52C073B7049B0A584440B3525465D77C52C0155A7C4C0A5844409B9A1C99D77C52C0C64B313E0A584440A03606C8D77C52C06E0052C80B584440ECC59ACFD87C52C07B578E9D0B5844401B40A90FDA7C52C0A37A82640B5844402F8928F9DB7C52C0A8D01B160B584440BF7FF219DC7C52C0C015B9B50C584440ADD2DA48DC7C52C04445D56A0E58444012DFBF77DC7C52C06327713510584440DF655AABDC7C52C0C5FE0F0012584440DEDE8C9ADD7C52C0CC1D4AD11A5844403D7D7C5ADC7C52C0A6C6AA181B584440EB58CC94DB7C52C0DD157D431B584440B96D0211DB7C52C0F44409601B584440E23F8F67DA7C52C007B0E18A1B584440C90EF0D0D97C52C048EB94AE1B58444007942B36D97C52C097B76CEA15584440,0,0,0,0,0,0,0,0,0,0,0,19,0,0,0,0,0,0,0,0,0,0,MARCY AVENUE-GREENE AVENUE SITE B,BROOKLYN
0106000020E6100000040000000103000000010000005D0000008BE5742EB37C52C063568FF431584440622F5912B37C52C0E663C6A330584440FC2E76E3B27C52C0800F28D92E584440CA870A81B27C52C06F5EF6972A5844409A7BAFDEBA7C52C0EC08A5B228584440D9CFA793BF7C52C0A8ED6EA327584440D18BAD37C07C52C008F830DC2E584440DB643C6BC07C52C0EA56F603315844408F61495BC17C52C07C1C2DD930584440C43C2B5EC27C52C06104C19130584440DAA60D61C37C52C07C217E51305844406238375FC47C52C0A6D0B9263058444046C33870C57C52C02FE47BE62F584440DDE7568FC67C52C03F1E3FA62F584440524D76AEC77C52C0344202662F58444064FE4FD2C87C52C02C9E9FF32E584440440CA90DCA7C52C0D695E8C82E584440EA11EB79CA7C52C02B0A81B32E5844408E63C82CCB7C52C00774AB882E584440F48E29A7CB7C52C05DF448732E5844401612BB5ECC7C52C09E5B74482E584440497D65D4CC7C52C043D60E332E584440B442F88BCD7C52C0CE2E3A082E584440D94C7714CE7C52C0A5BDDAF22D5844407B74FA9CCE7C52C06BE07BB22D584440F5ACD54FCF7C52C04EDB239D2D5844406C7418BCCF7C52C04B633E722D5844403F24A973D07C52C0365BE75C2D584440C3EC36DBD07C52C0DE8380472D584440063CA984D17C52C0209AA61C2D584440E5BD35ECD17C52C0D3BA3F072D5844402041ABB8D17C52C0DF932AA62A584440606BC789D17C52C0ECDD0EC628584440BB7B4E19D17C52C08C133ABC235844404AB76C38D27C52C0259B2783235844407B03317DD37C52C0D513F44223584440B37FBA94D37C52C0E20ECE3B235844408B84EE17D47C52C05729EE5529584440E35AFB25D47C52C0396D10092A5844406F538959D47C52C066C7A7542C584440A5D0351FD57C52C0B953D3542C584440BA95886AD57C52C01D70E6292C584440A969676DD67C52C08BE921FF2B5844402739C8C1D67C52C0CB732E8D2F584440B4416E4ED77C52C06168284A35584440401D3021D67C52C03815E39F3558444080131EE1D47C52C0D3E017E035584440657FC1A5D37C52C098894F20365844407ACFCD73D27C52C066F00676365844405BD266A9D17C52C0DCE202A836584440BF27CC62D17C52C0CDC247B6365844403D0C9385D07C52C0468C3DE836584440C3D56E27D07C52C01566A8FD365844406016A053CF7C52C0E8EB762837584440969E32FACE7C52C091DAE03D37584440B95312DBCD7C52C04B7E498537584440858100ACCD7C52C078869393375844402DE1E08CCC7C52C0F6D9D0D33758444082A4ED6BCC7C52C009CCF2DA3758444036DBED5ACB7C52C021E50914385844405407ABEECA7C52C079BE9A3038584440601534F5C97C52C03A0DB56938584440B38B2505C97C52C05665D1A238584440F34DAD0BC87C52C0A592EBDB3858444007523612C77C52C052AF05153958444036F0540FC67C52C0CFD44855395844401AF7720CC57C52C0A7B1608E39584440EA0DCE25C47C52C08BD57EC739584440D4EF8219C37C52C005A8BF073A5844407567561BC27C52C0405FD8403A5844409FCAC7A2C07C52C00C617E963A584440DD1CA433BF7C52C09C5D26EC3A584440301F8DB4BE7C52C01DCFDD0F3B584440E5D3E8CDBD7C52C02D46D2413B584440DF098642BC7C52C0BDD89C9E3B584440C793F8C9BA7C52C0BE4142F43B584440985444B4B97C52C0F30A552D3C5844401174E128B87C52C0DA1B218A3C584440883039F2B67C52C049A980D13C584440187E0CF4B57C52C0BE89980A3D584440809AC0E7B47C52C0FB1CAD433D5844400C837D6AB37C52C001A052993D584440E954781AB37C52C0C9F8BFAE3D58444045A832E2B27C52C0AF0A799C3B584440802C2CA5B27C52C0E6DFD6FC39584440527EFC7AB27C52C06E42BB4738584440F8EDEF6CB27C52C0353B177F37584440F7A8D250B27C52C09342F74A365844409589C482B37C52C0A64BC00A365844400CBAB266B37C52C020FEA55534584440000D9E58B37C52C0718A7EF833584440B0E4833CB37C52C084AE0A8B325844408BE5742EB37C52C063568FF4315844400103000000010000004E00000084F540B3B57C52C0AA2C312E0258444069598330B77C52C0EA2462D101584440B933EF9AB87C52C0DBE0B97B01584440DB0A5115B97C52C034FF57660158444078DACE9DB97C52C07019CE49015844402373FA9BBA7C52C027C18A0901584440974BBA90BB7C52C0BAE7C4DE005844401E1D4709BD7C52C02D33F4810058444080BEC3B3BF7C52C0144CEDE4FF5744406D3E1B1BC07C52C043C33CF701584440F63DE610C37C52C0013F465A01584440B55408E2C27C52C0A1A50148FF574440F7E31533C57C52C03C918EC7FE57444087D9D3D7C57C52C0FFC98C95FE574440B239716EC67C52C01FDD2E80FE574440C93862A0C77C52C0C239F63FFE5744401B63ADACC87C52C0F8CA8BF8FD5744405C719ECDC87C52C04F2893F8FD5744405739DBFAC97C52C0C4345BB8FD5744400F2C4A54CA7C52C007C26F8DFD574440C8B71628CB7C52C035392178FD5744400EEFA9DFCB7C52C043BCA130FD5744405B0F075ACC7C52C0C8FABC30FD574440E064E50CCD7C52C01C8869F0FC57444072C94387CD7C52C0E9BC84F0FC574440F4B8032CCE7C52C06AF300A9FC574440423855C7CE7C52C0A5A9A593FC5744402625E12ECF7C52C0D0DD3E7EFC57444025A390F4CF7C52C093496B53FC5744401E15A423D07C52C0C9F2F73DFC574440AEFDCD21D17C52C0F589070CFC574440A8140E8ED17C52C083B7A1F6FB574440A2D1BE53D27C52C0F402CECBFB574440EFF57BF8D27C52C09ADBF6A0FB574440801CDB72D37C52C0FC29928BFB574440542317A0D47C52C0E9202E44FB57444090AA34BFD57C52C0422BF003FB574440220C48DBD57C52C0FF3B0AB9FC5744406A77C800D67C52C0272D524AFE5744403AA72C0AD67C52C02035A683FE57444022FDFC2AD67C52C057A4EFE9FF574440AD235F34D67C52C0DF70C1380058444014F3E059D67C52C043E3B4BB015844404BEC8E5ED67C52C0F095870A02584440B7D5A97AD67C52C01DFBCF70035844402742597FD67C52C07FB2F9A203584440A395865BD57C52C01CF55FEA035844406A312B31D57C52C02BE97FF10358444097F04A2ED47C52C02AC69A2A04584440EA682C0FD37C52C09BE30172045844407B8B0EF0D17C52C062B43DB204584440CED8D2C2D07C52C0CF3D78F2045844401388B5A3CF7C52C05106E139055844407642A563CE7C52C04B42157A05584440D7D16836CD7C52C0ABB77AC105584440A4C759F6CB7C52C0EABDAE0106584440AD3B1BC9CA7C52C01AC5915E065844405BF8FBA9C97C52C07CDFCE9E065844406C5C2547C97C52C0DA9036B406584440B869C17CC87C52C0D6CC06DF065844403255B03CC77C52C0E69F652607584440BC77740FC67C52C033499F660758444032F8D0DEB97C52C06A990B4D0A58444039062569B97C52C0C4CA99690A5844405AAC31FEAD7C52C0984D59010D5844402C2E06D4AD7C52C0B8FF121A0B584440A58C1597AD7C52C0A2DED1B108584440802A5076AD7C52C0BCEC61EE06584440FFAAF76CAD7C52C0CAEF674206584440B54D158CAE7C52C046C103FB055844405CA4F361AE7C52C0C972C4BD035844403B72FF51AF7C52C0DD64FC920358444054FFC046B07C52C057508E4B035844405CC7CC36B17C52C0DD11C820035844401A8BAA39B27C52C0621606F602584440B60F9A1BB37C52C0FC8F91AE02584440B03EC869B47C52C0E3EE626E0258444084F540B3B57C52C0AA2C312E025844400103000000010000004A0000002DC1AE9EAD7C52C022DF61A4EB574440A9FE9E45AD7C52C020D1FC07E857444026A264C2AC7C52C0DE8F7E8BE25744403FC32067AD7C52C0BD5DD267E257444027639FEFAD7C52C0E2E6484BE2574440F2815B94AE7C52C03AB89A27E2574440B495AE2FAF7C52C0608D150BE25744405B12E2BCAF7C52C0BAD363E7E1574440C4FCCA4EB07C52C0163BB1C3E15744402A1DA601B17C52C0D91F08A0E1574440E3AF057CB17C52C0C2477B83E15744406632DDDEB17C52C0DB5B106EE1574440995942A9B27C52C0BC16183CE15744406C3107DDB27C52C040C2F834E157444069475DC8B37C52C0A3FC0703E15744408BEE4EE9B37C52C07E53E4FBE057444074176D08B57C52C0C1D9AABBE057444033A3323CB57C52C06F4660ADE0574440596DA835B67C52C0185E4774E0574440328F71B9B67C52C04480BC57E05744404709E362B77C52C02BEF1034E0574440CEC3D394B87C52C00155AEECDF57444019D77ABAB87C52C0B0A28DE5DF57444061560EC2B97C52C067B477ACDF574440EA80ADA8BA7C52C075E9D988DF574440ED010AD3BA7C52C0AD54B881DF5744401346640EBC7C52C07983593ADF574440DF562F92BC7C52C0043AA316DF574440DF14744EBD7C52C0942AA7E4DE57444035D8D4C8BD7C52C025EA19C8DE5744406C48AF7BBE7C52C09F01439DDE57444043F88450C17C52C004634500DE5744400DF146A6C37C52C09FAED17FDD574440518135D8C47C52C0B0349B3FDD574440EA03260AC67C52C0377C37F8DC5744400439AC32C77C52C007B4FEB7DC5744402F1DA943C87C52C097D7E97EDC574440354C9875C97C52C025C58737DC5744407B2DEB10CA7C52C0F688FF1ADC574440E8D83194CA7C52C0E405AD48E1574440CC0544EDCA7C52C02AB838ECE4574440E56219EFC97C52C03E317D2CE5574440C80CDEC1C87C52C0D05AE073E55744406FF3ED8FC77C52C09E1619B4E5574440F644B362C67C52C034D850F4E557444093289D22C57C52C0ACA92C7CE6574440EFA28503C47C52C0A6DB6B91E657444088F767E4C27C52C0E7B6D1D8E65744404D2C0EA9C17C52C0A0D60719E757444079BCF189C07C52C02E836D60E75744405478E249BF7C52C09F6FA0A0E75744408ADBA41CBE7C52C01B6E82FDE75744401AE31665BD7C52C0D08CD812E8574440D1D196DCBC7C52C0E813B73DE857444016EB2C72BB7C52C0940FE07DE8574440A4E43C90BA7C52C0201955C5E85744406B460363B97C52C0CAB98D05E9574440FD1C1031B87C52C0A53A6C62E9574440BEE0E3F3B77C52C0E84AB545E9574440B112F511B77C52C0DB1D2A8DE9574440AC4C597BB67C52C03B7B85A2E9574440B521BAE4B57C52C0038660CDE9574440252E6B99B57C52C0C300CFE2E9574440BC46BBD3B47C52C02483C814EA57444018378C96B47C52C02E80BA14EA574440E7119EB4B37C52C0F9E70355EA57444092D64D69B37C52C0FB56726AEA574440DFE28D74B27C52C01FED609CEA574440FC4C334AB27C52C03933579CEA57444068245447B17C52C0FDE398DCEA57444041D7171AB07C52C08BD2CE1CEB574440A3DB26F9AF7C52C09F3CC71CEB574440E6A326E8AE7C52C02AB83064EB5744402DC1AE9EAD7C52C022DF61A4EB5744400103000000010000001700000047BABE07DF7C52C09B80B002FD5744400F8CAC63DE7C52C04C219811F657444094045DD2DD7C52C043FBA2D3EF5744405D1E7B97E67C52C0788723E7ED574440BB0F98B6E77C52C00B1AE6A6ED57444035936F19E87C52C09EA87B91ED574440C91CDEB8E87C52C099A69ED6F35744405AD2CEF5E87C52C0B4C63078F6574440E5EB3F9FE97C52C07BAF574DF6574440BD1F5DBEEA7C52C0BA051A0DF657444058ED59CFEB7C52C03DDF29DBF5574440BBD2B7F9EB7C52C04A2BB5C5F5574440551BDD60EC7C52C0B062E606FA574440747500C8EC7C52C095C7EB6BFE5744400AD8A39DEC7C52C05C000C73FE5744402DEAC39AEB7C52C0EB9326ACFE574440F8889EECEA7C52C09E42AAC8FE5744401606A97BEA7C52C093C011DEFE57444075C76D59E37C52C06820C86D005844403AC6E16EDF7C52C026490D4B01584440D6B6C152DF7C52C0CB214225005844404F40402DDF7C52C09212CF8CFE57444047BABE07DF7C52C09B80B002FD574440,1,2,0,0,0,0,0,0,0,4,0,2,0,0,0,13,0,0,0,0,0,1,ARMSTRONG I,BROOKLYN
0106000020E61000000300000001030000000100000036000000EAFF0E11D47D52C0EE4E4ABDA95A4440F0EE0F11D47D52C0E2D3F5AEA95A4440A30EC8D6D47D52C0149CBCCBA95A444028F10F43D57D52C081AD4AE1A95A44406726FFD4D57D52C05FD03405AA5A4440CED64441D67D52C041441929AA5A4440C1893B23D77D52C022228D62AA5A4440EDFA4E52D77D52C0AE78BD69AA5A4440EFCA5863D87D52C0AE0C0F9CAA5A4440AABE987FD87D52C09E8D3CA3AA5A444085904366D97D52C05B31DCE3AA5A444045D60C9AD97D52C0C3230FEBAA5A4440991E9A72DA7D52C069EA2C16AB5A4440612C56C7DA7D52C0FE3DB92BAB5A444030628575DB7D52C005A4D056AB5A4440DE588DC5DB7D52C055093165AB5A4440ED4F7078DC7D52C024E11D89AB5A4440C133E2D1DC7D52C0EFDBAA9EAB5A4440143717D0DD7D52C00FFE76E6AB5A444048A17D4ADE7D52C093183203AC5A4440E158752CDF7D52C02AFD502EAC5A4440C4297F3DE07D52C072AC2176AC5A4440234EA95CE17D52C0D8BC72A8AC5A44409A7F2FE5E17D52C06F025BCCAC5A444053AB945FE27D52C009FA15E9AC5A444069BFBE7EE37D52C02990E630AD5A44400BDD5AF7E47D52C0BF27C478AD5A4440FF6B98D1E47D52C046C3D402AF5A4440CB3112EFE37D52C04F578FA1B75A444037634632E37D52C06B2E0C30BF5A444005DFAAB9E17D52C0CEB8AED2BE5A44404A5B2E4FE07D52C048325375BE5A4440C0A926FFDF7D52C05AA0C95FBE5A4440401792D6DE7D52C0F22ACC10BE5A44402313156CDD7D52C0DD5119D0BD5A44409BD39272DC7D52C007DC4D88BD5A4440FE13B80FDC7D52C0B432966BBD5A4440ADCE58B3DA7D52C08D2EE52ABD5A4440069160DED77D52C0E8440569BC5A4440CB03CCB5D67D52C020E9842FBC5A4440C31A0382D67D52C060A62821BC5A4440EFA1D862D57D52C05A0D57D9BB5A4440347F2F3DD57D52C0762C26D2BB5A4440C6C8EC5FD47D52C0F89632AEBB5A4440952D86E5D37D52C033287791BB5A44406A58C240D37D52C054D36066BB5A4440439F3568D27D52C08736EC2CBB5A44400129B82FD27D52C0F11C911EBB5A44401220BF50D27D52C0115ACFF8B95A4440D36631F1D27D52C0C907624AB45A4440DC01A2FAD27D52C0DC9BBFD7B35A4440A8C2D329D37D52C0212BB322B25A444054390459D37D52C062B9A66DB05A4440EAFF0E11D47D52C0EE4E4ABDA95A44400103000000010000004D000000DEA3C665BA7D52C088290C759C5A44406A100095BA7D52C0992D5C4D9A5A44407EC95BD2BA7D52C0ACC485F3975A44408181C13FBD7D52C0461CB498985A44402582D52FBE7D52C0523580E0985A444051204789BE7D52C078EC0DF6985A44407445C732BF7D52C0CB58ABB5985A444086E571C9BF7D52C00E851C6E985A4440A4DD5C7CC07D52C035159226985A4440E475519DC07D52C0E9BF4218985A44405AF9C5F6C07D52C08807D102985A444034FD2B00C17D52C06BA14F43985A4440AF9A0D50C17D52C0EE7FBC879A5A4440A6633890C27D52C0CCDACAFF995A44405F7D8EDBC27D52C0D99D2DE3995A44408E25ADCBC37D52C0E80E588D995A44407A663754C47D52C0379B445B995A44401838A3CEC47D52C0E3AB0522995A44403B9BC2DCC47D52C06296DE1A995A4440CE6B1728C57D52C01F5E3FFE985A444042DFD7EDC57D52C0EFCAE2BD985A44404D823689C67D52C0F3B07D7D985A44409D19CDF0C67D52C03EFB664B985A44400FC12AFDC77D52C0419493F5975A4440E391E001C87D52C0314E94F5975A4440D575CBB4C87D52C0217809AE975A44401383754BC97D52C0D986A36D975A44401A5C6B6CC97D52C08D1D545F975A4440B967895CCA7D52C00967A710975A4440BBB2B3BACA7D52C0291A38FB965A4440B08AA9DBCA7D52C097ADE8EC965A444084FBC8CBCB7D52C0F21DBE88965A444009471D17CC7D52C079F64973965A444015CC3328CD7D52C09BE0CF00965A44409B178855CE7D52C0FC045A8E955A444058DC1CBDCE7D52C0E46D6A63955A4440DA0A0DAFCE7D52C0C594207E945A44404B510A91CF7D52C04BA69A36945A4440D70B750BD07D52C07DC1B10B945A44401958700BD07D52C033295853945A444069E6F975D17D52C013A96BCB935A4440EEC41463D17D52C0AC3030C6945A44404F169638D17D52C048C73AA6965A44404232DF33D17D52C0EF3B0ECA965A44401A03401CD17D52C0983E4D05985A44400E2339FBD07D52C051010F2B995A4440FD392DDAD07D52C0E7C0208A9A5A4440019C8CC2D07D52C0F561E1DA9B5A4440C17CD1BDD07D52C0E908303F9C5A444053E2EE34D07D52C092F34EB4A15A444054F22C0FD07D52C0A8A9DF28A35A444030D2151FCF7D52C0ED7B92F6A25A4440C82185B7CE7D52C02FF404E1A25A4440A755CDF1CD7D52C07527BEAEA25A44409CEF285BCD7D52C056B6A983A25A44408A9ECCFECB7D52C0DD07CE3BA25A44407E3F8FB0CA7D52C04563F4F3A15A44403CEF79C0C97D52C00AA77BBAA15A4440AEC16591C97D52C0DFDD21ACA15A4440A2DA78CDC77D52C01C2BB64EA15A4440C8B1459DC57D52C0AC0C3CC6A05A44403D55BF14C57D52C0BAEF7DA9A05A4440703EE840C47D52C07CB35D7EA05A4440013E44AAC37D52C02F589D61A05A44400F590EACC27D52C013184F2FA05A44401E18E84DC27D52C00EBFC019A05A444044813B67C17D52C0DB1276E79F5A44408DA07F12C17D52C0C729E9D19F5A4440B1B0BFFCBF7D52C06DD86B989F5A4440427142C4BF7D52C061870E8A9F5A44407EEFF896BE7D52C024F138429F5A444030B8B069BD7D52C0615361FA9E5A4440E1717E2CBD7D52C000702EF39E5A44401CED01C2BB7D52C0CD84FA9C9E5A44404A5B7328BA7D52C0A8D1933F9E5A4440C526C665BA7D52C0A05E377C9C5A4440DEA3C665BA7D52C088290C759C5A444001030000000100000030000000E30B2F27D57D52C000606C24A45A4440CE29C25CD47D52C0196B50F9A35A444008CA5753D47D52C082FF4EF9A35A444006A96274D47D52C0E7B391A8A25A4440F9C232DCD47D52C05581AAEF9E5A444078468919D57D52C0D7107ADD9C5A4440935CDE56D57D52C0404FC9E09A5A4440BA95F8D5D57D52C0489CB0049B5A444060A9BD3BD77D52C093760C629B5A444012F80569D87D52C09F19DEA99B5A444064A7B14FD97D52C03FBF7DEA9B5A4440435F23A9D97D52C0C5CD0A009C5A4440D99F2CBADA7D52C0ECF6D9479C5A444092718BE4DA7D52C03E7D0B4F9C5A44403BA0A724DC7D52C0DF0A36A59C5A444029A5D043DD7D52C0BC5232F49C5A44409ABE0381DD7D52C0D6F38D029D5A4440FEE34AAEDE7D52C082F1624A9D5A44405004D083DE7D52C046B8C40D9F5A4440675D187FDE7D52C0EAFB6C2A9F5A444043AF7FBADF7D52C062CDBF879F5A4440FB379EFAE07D52C0846397CF9F5A444098B1DB48E27D52C062026F17A05A44408750A43DE37D52C032A86266A05A444011B50268E37D52C08A4ABF74A05A44405CBDB2D0E57D52C0BB18E619A15A4440F2D8B5F7E47D52C0AC1293D8A75A4440195D229DE27D52C034EB9465A75A4440AE502E7CE27D52C0F7973B57A75A4440D57CF87DE17D52C05B43C41DA75A44409D50DC3DE07D52C0F6E670C0A65A4440B4597302DF7D52C0F6F29978A65A44402AC2CADCDE7D52C032E53F6AA65A44406ADA55C2DD7D52C06220C430A65A444099312E64DD7D52C08367381BA65A444001DC0B95DC7D52C0320FEFE8A55A44404B370545DC7D52C0A69D90DAA55A4440B5301942DB7D52C0AB5C43A8A55A44407E138F2ADB7D52C0BDA514A1A55A4440A9E5EF22DA7D52C0DCFD4459A55A4440FBE633CED97D52C08295BA43A55A4440316FE511D97D52C0C744CA1FA55A44404FE6B563D87D52C0D7F6DDFBA45A4440606089B5D77D52C0E37CC4D0A45A44404D5CE25DD67D52C01403967AA45A444051D84417D67D52C03CD9386CA45A4440C557F75AD57D52C0C5DCF339A45A4440E30B2F27D57D52C000606C24A45A4440,0,0,2,0,0,1,0,0,3,1,2,4,0,0,0,0,0,0,0,0,1,2,BERRY STREET-SOUTH 9TH STREET,BROOKLYN
0106000020E61000000100000001030000000100000010000000975D3A0D1E7C52C0E58DF74F2E5A4440EF362A9A177C52C01F8E5323235A4440953149D01B7C52C05D882B6A225A444017EFE134237C52C0C06F9022215A4440EF42A047337C52C0C4B92A531E5A4440E6C50865357C52C0C96F93F61D5A444016F271BF367C52C0386056262F5A4440A6C4AA1A367C52C0F5F7D3422F5A4440A3172488307C52C0A11B794A305A4440D1AAC7BA267C52C01AE69719325A4440DB826EFF257C52C0299482D0295A44400C8511F6257C52C0C733DC5D295A4440BCD593B3207C52C0D96C655E2A5A4440545BF5BC207C52C02BDA62B42A5A4440918E83FE207C52C01FFFF5AB2D5A4440975D3A0D1E7C52C0E58DF74F2E5A4440,1,1,3,0,0,0,0,0,2,2,1,14,0,0,0,0,0,0,0,1,1,5,HYLAN,BROOKLYN
0106000020E6100000020000000103000000010000002600000022D057AE5E7D52C0115F1B7AAE5A444036585A6B5C7D52C03AB2C077AD5A44404A29365D5C7D52C001D2E4A9AD5A444065C7F3F05B7D52C0F88C2A62AD5A44408F48AFF55B7D52C02A03851AAD5A4440840F11125C7D52C057A37665AB5A4440EA061A305B7D52C0E2B34F3AAB5A4440EE45D4C35A7D52C004D7921DAB5A444027A8ED8F5A7D52C030F44A99AC5A444094737D865A7D52C0C2249BD2AC5A44400A96AAB2597D52C0DB104E75AC5A4440233E0A5B587D52C0956E6DD7AB5A44405AA7E63B577D52C0B959695DAB5A444062B3C11C567D52C0F9B210D5AA5A4440989A9DFD547D52C058A63762AA5A44402E0C99EC537D52C0A7ED35E8A95A44409B7775CD527D52C00905DD5FA95A444078F970BC517D52C0C822DBE5A85A4440D6855B61527D52C08EC79122A75A4440BC6C79C7537D52C06D968B30A35A4440630F0779587D52C006F276FB955A44400331B42D587D52C0030C69FB955A444056682A36597D52C0AA377DA08B5A44400EB25289677D52C08D06C9768E5A444096ADFF236B7D52C0F235BB318F5A44404C9906676D7D52C016C5C6A48F5A44409BD0310E6C7D52C06F690FA59E5A4440EEBCF10A687D52C09C47AEBBAA5A444091CB6A59667D52C0991FC2E1AF5A44406007FCEE647D52C08C60E4EDAE5A44400D588D84637D52C0B48E04FAAD5A4440DD38AC71637D52C0165CA497AE5A4440C7E72978627D52C01CDFA273AE5A444073D32228627D52C0581D696CAE5A44409195F7D7617D52C0341D6E21B05A444079854751607D52C02FCD314AAF5A44405519E6155F7D52C039F256ACAE5A444022D057AE5E7D52C0115F1B7AAE5A44400103000000010000001200000053C5A553717D52C0DAA4A0C9B45A444056C8CCBE6F7D52C09571346CB45A44405C99A7B06F7D52C0461FADACB45A44403C8B37576F7D52C02FBD9F81B45A4440CF868E316F7D52C035D16D7AB45A44408097CE996C7D52C092CED89BB35A44405C03BD6A6C7D52C026D57D8DB35A4440950199196A7D52C08C3FC7D2B25A444055C52515707D52C0FCFBE5839F5A444048195627717D52C04F57E2BC905A44406F8492AC807D52C0037E2AE0925A4440E32303F37C7D52C0885D7E1AB55A44401F0671E0747D52C043165F9BB25A4440C6887B8B747D52C0C7EDD567B55A4440D4C00571737D52C02B7DA63CB55A444087DFFD20737D52C09ED3432EB55A44408179FB5F727D52C090382203B55A444053C5A553717D52C0DAA4A0C9B45A4440,0,0,0,0,0,0,0,0,0,0,0,27,0,0,0,0,0,0,0,0,0,0,WILLIAMS PLAZA,BROOKLYN
0106000020E61000000B00000001030000000100000029000000295F43F8E77A52C03A07B66B40594440270E1539EF7A52C0BD7EBAC331594440EB344C1BF07A52C0266D4BF22F594440E64EEE06F17A52C05C45B8192E594440072D24E9F17A52C0A73B764F2C594440E0F259CBF27A52C0DA2334852A594440E6EBFDB6F37A52C031534C9E285944403D253199F47A52C0B26433DB265944406A99A8A7FA7A52C03F79F99A1A5944403296E6BDFD7A52C09CC6062A1E5944400CE01176007B52C0EF097A4D21594440B871113F047B52C0AADB62A52559444037631653FD7A52C0DD74B7D333594440E31FE170FC7A52C0475627A5355944403A193D85FB7A52C0327EE4843759444054E24343FB7A52C035DFC5053859444093BE085EF77A52C03D22519833594440C742E851F67A52C0B808056B32594440F80DD27DF57A52C0024A4C35345944402BFAC488F47A52C0B2A2071536594440CDFD8EA6F37A52C086D449DF375944401E8FA4BFF27A52C054518AA9395944404D5D88EBF17A52C0E1547A903B5944407F175209F17A52C0074CBE5A3D59444043DC9F02F27A52C037E3DA803E59444097DB8CECF57A52C0D8AEFB0A43594440AB02504CF57A52C0F6B05C544459444021296365F47A52C0D8C2F12C46594440BC8528C8F17A52C04CA6E6924B594440FD869F71EF7A52C06FCB7D625059444093E9F4C7EE7A52C0E7F558C15159444033FA5B52EE7A52C066EF0B3951594440F33FE71BED7A52C02E4F5ED24F5944400359D9EEEB7A52C0D1BA2F814E5944400BD216BDEA7A52C04AE7AA214D59444057CF1042E87A52C01ACD1C4D4A594440AE6C3202E77A52C0711D40DF485944402F4FBECBE57A52C091EF8F7847594440229C5CF3E47A52C0ECF1A48446594440FB7E02BEE57A52C0AAF983EC44594440295F43F8E77A52C03A07B66B405944400103000000010000002B0000008B676606FD7A52C080129FFA3C594440DF6838F7067B52C0A0DA7DE52859444053D4C3080A7B52C0BA6ED9822C594440D3CFE5910C7B52C03B7F11742F594440586F3DBA0D7B52C05D4990D3305944400F0B2CD90E7B52C00954B524325944400C4AA38E107B52C00EB9052234594440CECF68EE0F7B52C071AF3C6435594440C360350C0F7B52C0885A5527375944405D43B72E0E7B52C0F93D48E3385944405F3ACE470D7B52C087648AAD3A59444068DC76570C7B52C0372674943C594440515B8C700B7B52C0572EB65E3E59444022C834800A7B52C0C3E19D45405944407BC5009E097B52C04625B808425944406CC9A8AD087B52C0C18374E8435944405F362AD0077B52C0A84A90AB45594440866B3FE9067B52C00E3FFD7C47594440ED535402067B52C0D0DD404749594440CBC51E20057B52C0183182114B594440CF1D122B047B52C04FC769F84C594440CD17DB48037B52C0D3EBACC24E5944409A64BAE5FF7A52C047DBA18E55594440D6933D92FB7A52C07A6A533A5E594440728F71DAFA7A52C016E7A9AE5F594440CDD151D0F87A52C0B478953E5D594440FD205A80F87A52C0B76253E15C5944406E5CEB97F87A52C09EE234AF5C59444098C6B04CFB7A52C0DA81F23A575944402AD2C52DFA7A52C076C6F7C555594440CC83BB00F97A52C0114C215854594440F648B2A5F97A52C02688EFEA52594440E1BEBD9AFA7A52C0DC68861951594440FE42F77CFB7A52C0190AC6394F594440E8CEE163FC7A52C08503856F4D594440BC201B46FD7A52C03199C28F4B5944403A5F263BFE7A52C0536086C549594440EB435C1DFF7A52C0289B41FB4759444001CE26F6FF7A52C0EF70FB30465944400C6B80E6007B52C0C26E144A44594440CC606ACD017B52C00A10D37F42594440BBEB3E13007B52C0AB497F82405944408B676606FD7A52C080129FFA3C594440010300000001000000270000002980C2C3DB7A52C069CFB7DA3959444008040FFEDD7A52C0A6E746123559444006680D1FDE7A52C06D177FC3345944405FAE18CDDE7A52C028A734853559444050652679E07A52C0E16DDE6537594440CCB70F60E17A52C03AD91CB135594440C8282155E27A52C02904E5BB3359444074F75737E37A52C015F3A1F1315944402C06431EE47A52C0B06E622730594440009B9D0EE57A52C0FA3A7D402E5944405EBC89F5E57A52C0F7A93B762C594440BB2BC2D7E67A52C0EE8A7C962A5944404367CCCCE77A52C0BFDC3FCC28594440C70007AFE87A52C0296B55E5265944404D5DEE95E97A52C08886BE372559444096C62A78EA7A52C01E46543B235944406B0A135FEB7A52C0CC0E928621594440901DC0C6EB7A52C0B69EECB6205944408084ABADEC7A52C0598FACEC1E5944400DABC181ED7A52C089CD65221D5944400DD21672EE7A52C00CF328581B594440E0A90059EF7A52C0C4B7E88D19594440B695CA10F07A52C0140EBC2018594440C095286EEE7A52C0E82EEC3816594440999ECF49EB7A52C08A0C849B1259444054AC6732EE7A52C06EFC04C30C594440DD6A2B60F17A52C0218646591059444015BBD200F47A52C08A7DB45113594440DD10BFEAF77A52C0A08B02B8175944403B71FA31E57A52C02F99E6393D5944407AC6BBF7E27A52C07AE988B341594440A65A180CE27A52C0A3281B8C435944405778AF02E27A52C0E499EC844359444028DC3CCCE07A52C026B9121742594440AEBA1491DF7A52C0722135A9405944406E593851DE7A52C008C1553B3F5944402136B0BEDB7A52C0D6A1BF3B3C594440961A3D07DB7A52C0AF02B46B3B5944402980C2C3DB7A52C069CFB7DA39594440010300000001000000270000007F18941A5C7A52C0B8034A90EB574440F78DACAC5C7A52C09248BC6AEA5744402E7F2E7C5F7A52C0182F7EC0ED574440F566AC6E617A52C0F0FB9F05F0574440BD8BE1B6607A52C0A4D8F079F15744403F10EB11607A52C05CE31BE7F25744404B57FD4B5F7A52C0B7B5B969F4574440A9FC54A25E7A52C0724A90C8F55744401C6768DC5D7A52C044092E4BF75744405DE453295D7A52C0CB6A53B8F8574440349FFEF65B7A52C045AC3927FB574440BE742A605B7A52C0B334EE7EFC57444080FE82B65A7A52C05E6499D6FD574440D5BEB41F5A7A52C05E894C03FF57444027B82984597A52C01A35FD5A0058444030EE39DF587A52C07D742A9D01584440C6416448587A52C060ECDCF402584440FBB1BEBF577A52C058C76EEF03584440DA17D4FA587A52C0875183640558444013B9B7CB587A52C0F00DECA405584440DE60E813587A52C0753EBA2E0758444093BACBBB5B7A52C0CD4E1C3F0B5844406BD3C1635A7A52C09485F0030E584440ECF16B10597A52C055CDEDCF1058444082F3E0E4547A52C07E94E1FD0B584440AC9D9031527A52C0A17551DA08584440BAA3A1584F7A52C0FEBFDD9205584440987EF5AB507A52C029205FDC025844401BA65315537A52C03E0A6BF7FD5744409552AFC0557A52C0079C4383F8574440FB77317D567A52C076DFCB07F7574440DFCA2422577A52C042071FB0F5574440903E60C2577A52C04A01F06DF45744403B989B62587A52C098BD9524F35744403B8D8D07597A52C0710514D4F15744402A4312A3597A52C0369F35A0F0574440F05505485A7A52C05CA28848EF574440A27D40E85A7A52C0373130FFED5744407F18941A5C7A52C0B8034A90EB574440010300000001000000280000009788E217507A52C02D6C28312B584440EA8244C6507A52C0792E29CB29584440B07BCF95537A52C0C26044042D5844402632219B557A52C01497C5572F584440AA8536D5547A52C02C10E5C43058444053F16A1D547A52C0D02008323258444010089E65537A52C0A3272B9F33584440D59586B2527A52C079267D133558444059D2BAFA517A52C0711BA08036584440173B0951517A52C0AC4D48033858444087F31C8B507A52C0E1D1907739584440468B01D84F7A52C00A3A35FA3A584440273339204F7A52C02346DA513C5844404C206D684E7A52C0D8FBFEBE3D5844402CE471C34D7A52C02A6354333F584440545FA90B4D7A52C05254F98A405844408034BF454C7A52C0816716F8415844403FE3F28D4B7A52C041F83A65435844407E70B454507A52C0994DA8EA48584440791A60BF4E7A52C0A7CC86374C58444089532D7A4D7A52C0EF178BD84E584440B087A2334D7A52C0D63374824E58444022005F3A4C7A52C0D2DFA06A4D584440AF40D2454B7A52C00F23A44B4C584440EA9AF8554A7A52C05AB1FD3A4B584440CEFB6B61497A52C049D4001C4A584440AF7B63A9467A52C064B96CF846584440F7B95CF1437A52C065D3AECD43584440DF21C35D447A52C0DB82B9EF425844400BC46B28457A52C001107650415844403658AD83477A52C0F88E528F3C58444063AA506C4A7A52C05604CBAF36584440BE8C681F4B7A52C02BA3A442355844404582ECDB4B7A52C0BA662FC733584440CB914D8A4C7A52C09C5C306132584440D20B643D4D7A52C0C40537FB3058444033EA7CF04D7A52C0FF4AE5862F584440B00092A34E7A52C0F9E1EB202E584440006D14604F7A52C0BEBD9FAC2C5844409788E217507A52C02D6C28312B58444001030000000100000015000000A1D31A07587A52C0F720A22A1B58444070A7B076597A52C0B4D58457185844402EC839465C7A52C0FF8EC9971B58444076E06FEB5E7A52C0DEC1FDAC1E584440C376096B617A52C035CED088215844405EAE7AFF627A52C0E3E3546223584440CFC9AE47627A52C0C7E0A3D6245844404D3D9894617A52C0C163CB43265844408C066B2E607A52C096A7412529584440B1FEE6715F7A52C06625E3A72A584440E133D0BE5E7A52C089840A152C58444062D36E105E7A52C0D0C331822D584440F04A91E9597A52C0C35C7DBE2858444086838E3B597A52C05D67C3FC2758444022C85FF3597A52C0D02BF57226584440B16375A65A7A52C069F6CF05255844401AA3F3B3587A52C0229ED4C72258444008574CD6557A52C0135D60801F5844404FEE198E567A52C02EFF110C1E584440ABC1E345577A52C0841418A61C584440A1D31A07587A52C0F720A22A1B58444001030000000100000015000000BB073CBC657A52C048CD657026584440880AA8C5657A52C04AB3EB5A265844400FE16382687A52C00545D08C29584440B62CD3436B7A52C07F23B6BE2C5844402C6C7B4E6F7A52C08C8FB365315844407705C6496F7A52C0A004DB6C31584440B15D669B6E7A52C0798EAECB32584440633375F66D7A52C0A7F1071534584440224FCD4C6D7A52C050B08A6535584440A58591AC6C7A52C087D7E5AE365844406A54E8026C7A52C0B7CD9106385844405E3E38BC6B7A52C05B079A8E38584440E13527A8677A52C0DCE299E733584440335655E7667A52C0D74630093358444050C965EB647A52C0A1345CD23058444086AA3D25627A52C02AFCF2B52D584440DE8D55D8627A52C0C83CA0412C58444024602090637A52C06A6F7CD42A584440CA8BED47647A52C0B71B045929584440A03EB8FF647A52C0A74CDEEB27584440BB073CBC657A52C048CD6570265844400103000000010000001400000028CA121A0C7B52C01DBC2A361E594440166129AC0C7B52C0DD51C1171D594440468D2BF60F7B52C0DDB4B0CA205944409B657D6E117B52C01128EF712259444094B5967A127B52C0CFAC38CA23594440316E678D127B52C096D1BEDF235944405AE8DF33127B52C099BA6C842459444037036118147B52C01D80F5B326594440F7D97F24157B52C0C8A46AE827594440BE2822C9157B52C0217518AA2859444026E00579157B52C0FCBAC74E2959444011EC3748137B52C03FF99FCF2D594440901B4982127B52C0F000C7672F59444051B86213117B52C07A7A35B22D59444043560CEB0F7B52C089E4B8522C594440ADC7B4C20E7B52C01D473AF32A594440DC3DB1470C7B52C0CA63090228594440EFBFEE19097B52C0D16DCE402459444081DDB8D1097B52C08A3577CC2259444028CA121A0C7B52C01DBC2A361E5944400103000000010000000B000000B7E744045D7A52C0D2CFCC0A11584440379D833E5F7A52C04757EC820C584440CCEE23F7637A52C0116E240112584440FEC2746E637A52C0DE74DD2D13584440A252FE47687A52C03F239EEC18584440D3A5FBAD667A52C07A5550321C584440E2775C80657A52C0BBEA0F9A1E584440A3E48559617A52C087F2DDC0195844403AEC9CAF5E7A52C02EDC539D1658444089B512E05B7A52C0FF990F5D13584440B7E744045D7A52C0D2CFCC0A115844400103000000010000000D000000D8960ECBF37A52C0BEE4C2600159444058BB53E7F37A52C098DB7A2701594440706AF406F77A52C0ED1B61DA04594440138C5B8DF87A52C0CA82A4AC06594440DF18F041F87A52C06B6DD666075944407F00F5E7FC7A52C0B95B7E010D59444088C2B8CEFA7A52C09AF4DD4111594440667F39F1F97A52C043FCF604135944408271E74DF67A52C0F658EFA50E594440EC6417C0F37A52C07FB508980B594440B4CC78A0F07A52C07D7AF8DD0759444004494258F17A52C0D1BECB7006594440D8960ECBF37A52C0BEE4C260015944400103000000010000000D000000EC2C61DDFF7A52C0473F61B20F594440C8E1F0F4FF7A52C0A3C240800F5944400E085FF8027B52C0B4A5C8F91259444097C5D3AD047B52C0DA41EFEF14594440D464944F047B52C0D0AFEFA2155944404542C303097B52C0DD2F99121B5944405BA91CE1067B52C09C7D225A1F59444071BA2F1B067B52C0F15FF4E3205944407C67DFA6027B52C0E921F9DA1C594440AE6BB6EEFF7A52C088BA33A919594440119CF5C0FC7A52C0403C21EF155944406AB8E286FD7A52C07FD94F6514594440EC2C61DDFF7A52C0473F61B20F594440,0,1,0,0,0,0,0,0,0,3,0,9,1,0,0,0,0,0,0,0,0,4,BUSHWICK II (GROUPS A & C),BROOKLYN
0106000020E610000002000000010300000001000000100000004CD9FF7DC07D52C086FB550D3A5A44406C9550EAC07D52C0A9EDEC76395A444050382F3BC37D52C0B939BAC63D5A444009608164C67D52C09BA43AB6435A444049823828C87D52C043BDFC03475A4440BADB20F9C77D52C0109E7244475A444014BA5306C37D52C0C79E52D04D5A44408163594DC07D52C019A20A65515A44406C31DABCB37D52C0F87A7B11625A4440AFF71688AE7D52C073AF46F3685A44401CAB1CE8AD7D52C0C3D53CC6675A4440D6E97B22AD7D52C0C4F2DA5F665A44408DBA3587AC7D52C04301FD39655A4440CEBBA591A97D52C0DA6E4EC45F5A4440A75EB911A77D52C004797A1E5B5A44404CD9FF7DC07D52C086FB550D3A5A44400103000000010000000A00000059BC0183B67D52C07CF83DD3275A44403F63F7A3B67D52C0D2F770AF275A44407C8F88A8BB7D52C0B05940AC305A444030181EFEBD7D52C0C32239D8345A44409771BBD3BD7D52C0676A8411355A4440CE1B9204A47D52C02D08659C565A4440D3C6D1C1A17D52C086AF1662525A44403149172F9F7D52C06FCB40914D5A4440E37CB5C69C7D52C03B16430F495A444059BC0183B67D52C07CF83DD3275A4440,0,0,0,0,0,0,0,0,0,0,0,15,0,0,0,0,0,0,0,0,0,0,INDEPENDENCE,BROOKLYN
0106000020E6100000010000000103000000010000002900000030350465727D52C09AE556264A5844405B5B2FFB727D52C0F8F5A2F14F5844402231EBF3737D52C0633FCD4359584440FD978529737D52C01401D475595844409E4C46FC717D52C02F1143BD59584440D3503D4B707D52C0E8B370285A5844404E10AA826E7D52C0DDEF99935A584440C2FBCCBE6C7D52C04F12ED055B584440A55EA3FF6A7D52C0238E17715B5844406C038E6F697D52C0FECEF5CD5B58444081FB7A40697D52C0E5D341DC5B584440EE475181677D52C01AE36B475C584440A2C4B1D9657D52C01E0F98B25C58444009B0A617637D52C08BE30F5E5D584440B17081865F7D52C02B24883B5E584440B5F6DB8E5D7D52C09E2AFBB45E58444042770AAA5B7D52C03E2B46275F584440D4611AB7597D52C08788B9A05F58444042EDDB89587D52C0EB7228E85F584440B437919A547D52C0F28737E260584440EDBB18A1537D52C066295B1B6158444090D2780A537D52C04F6A113F61584440239C5E3B527D52C07F8D1371615844403A6DC2E3507D52C03071CEC661584440C2FB71874F7D52C0A953881C625844403D87A8424E7D52C032361D6B62584440399576F44C7D52C02238B0B962584440362065B44B7D52C097D44308635844403D45B62D4A7D52C07574206563584440FE782C05497D52C00D33BAB363584440BCA4A3F9447D52C003BEBDAD64584440459C42F0447D52C000C4EE33645844403BF22289447D52C0CDA99F145F584440D20BA018447D52C0878A2A985958444079A93198427D52C0ADBAB24247584440A05C14A8447D52C0331FEB143E58444089C0F537657D52C003C7345A365844407BDD62696E7D52C059B2CF25345844404B4709A06F7D52C09DAA60DE33584440A274B615707D52C036A7CCC13358444030350465727D52C09AE556264A584440,0,0,0,0,0,0,0,0,0,0,0,16,0,0,0,0,0,0,0,0,0,0,LAFAYETTE,BROOKLYN
0106000020E610000006000000010300000001000000230000003EBE5226B67A52C0AD6CB551BB584440639C4BF8CA7A52C058EDBB3991584440A11D66F2CD7A52C0F93282B893584440D64452FFD07A52C087E9773E96584440DE079684D57A52C0FA0F66079A584440272B4D97D27A52C05F2A31EE9F58444033F00402D17A52C0A23A9E25A35844408897F14ED07A52C0A9DE9F8BA4584440ADAF2797CF7A52C01944F4FFA558444099D55EDFCE7A52C0606A1D6DA75844406413492CCE7A52C0107073E1A858444051CFA282CD7A52C0C7DA2339AA5844409FC78CCFCC7A52C0FF8750A6AB584440F3AFC317CC7A52C0448A7913AD584440B59BFD3ECB7A52C04CF53EC8AE5844404BCF5B53CA7A52C059F7FAA7B05844400F372871C97A52C0246B0F6BB25844403F22F28EC87A52C047F55035B458444050E673B1C77A52C067F168F8B55844404593F5D3C67A52C0EEF07EBBB7584440F47BC0F1C57A52C0C162BE85B9584440F6361F06C57A52C0E9C5505EBB584440A29BA028C47A52C0CD8A6821BD5844401AF66946C37A52C07DE2A5EBBE5844405AE695BDBF7A52C0211B7B0DC6584440B621804FBD7A52C08FECD300CB5844400D176F7BBC7A52C0B9B145A7CC584440242795BABB7A52C083D509D0CB5844400E2C01C6BA7A52C0B3D03DB8CA58444052231FD6B97A52C06C99A0A7C9584440B1D54896B87A52C02ED6BF39C85844404CE0A5C6B57A52C027C7E107C558444089C44DF2B27A52C08116DACEC15844408E7CD1AEB37A52C04AA85D53C05844403EBE5226B67A52C0AD6CB551BB5844400103000000010000001E0000004AF91BDA917A52C03B795132DE5844403B8BAE68A47A52C076FE9DA9B8584440466E27FBA67A52C001D514A2BB584440D1EBF6B7A97A52C0B598C3CCBE584440CC3EBFF1AD7A52C0CDED3BB4C3584440FBD912AEAB7A52C09C4F7B4AC85844400BC839E0A97A52C05C831EE6CB584440CBB897F4A87A52C0FD29ADBECD58444021BBA90DA87A52C079391490CF584440C85A722BA77A52C0ABB3535AD15844406BB9CE3FA67A52C0D62CE232D358444088F7967EA57A52C06E3A5AAED4584440197013C2A47A52C034EDD529D658444054B7470AA47A52C0D8EBFC96D7584440DE3A3057A37A52C01A912704D95844404EF6619FA27A52C097B27978DA584440C640C0B3A17A52C0F1AADC49DC5844404C041CC8A07A52C050B86C22DE58444081B5E2E59F7A52C02305D5F3DF584440B8A5A0879F7A52C0E827FCADE05844405DE3F4FE9E7A52C05D4B10BEE15844405C52BB3D9E7A52C0DD2BB340E35844404E9BCF599B7A52C081AFF811E958444046702016997A52C0A49CE099ED584440846E2E50987A52C0FBE3D52AEF584440510A74F5937A52C00314CD2DEA584440C1D7BD46917A52C02E83C81FE758444044752ED58E7A52C044BF5752E458444012D4219B8F7A52C08CC337BAE25844404AF91BDA917A52C03B795132DE58444001030000000100000028000000886ACC28AB7A52C00284F58DD1584440A5F15592B07A52C0CD3D5FC9C6584440801E9258B37A52C0D526BBE5C9584440A7F4EB2CB67A52C0C0446E10CD584440723ED145BA7A52C0343505A9D15844400C7F6ED9B97A52C0EFC0D27FD2584440ED2139F7B87A52C0DD1CE842D458444024F9B719B87A52C0BB35FD05D65844405D49162EB77A52C0FE7C63D7D7584440F2AC9C0EB67A52C02D905A1BDA5844404EEBE36FB47A52C02E2FEC59DD584440EDD7AC8DB37A52C06D7B2A24DF584440A48409A2B27A52C0CEBDB9FCE0584440C5881BBBB17A52C05B6621CEE25844407B1D0DC6B07A52C0E38D01B5E4584440B6C91DDFAF7A52C0D75E928DE6584440E281E8FCAE7A52C0F0D47D49E8584440C465FB15AE7A52C09742E51AEA5844407B77572AAD7A52C0192A74F3EB584440C7C3D36DAC7A52C02C3FF06EED58444034F8A149AB7A52C03E000EBAEF5844409EDCCFD3AA7A52C0A65E55A6F0584440D2DB674BAA7A52C0B9B1AA0FF058444018D6AD19A97A52C0921CF7A8EE5844406B2F3DE3A77A52C0CFE36C49ED584440E887A0BFA67A52C0DBD712F1EB5844400F05E60CA67A52C023510621EB5844404F9621EFA67A52C082284941E95844401591EDA6A77A52C0821720D4E7584440D17BB95EA87A52C039ECF866E6584440FAC18716A97A52C06682A6F2E4584440D0BB71DCA97A52C03E818485E35844402DBF8D8FAA7A52C00093B0FBE1584440CD1E7D76AB7A52C08CE0F41BE05844402BEDB558AC7A52C01814B751DE5844402CABA13FAD7A52C0A5077987DC584440C171DC21AE7A52C00C6CBBA7DA584440C6921EF9AF7A52C0DE514813D75844402A88BDF3AD7A52C0DBB0A8B8D4584440886ACC28AB7A52C00284F58DD15844400103000000010000001900000065C015BAD37A52C0A3C1E997A65844408450065FD47A52C03FA36047A55844407430A46BD57A52C056973427A3584440BF4AB71ED67A52C08DB332C1A15844405AA314CDD67A52C017E00354A0584440ED9222C2D77A52C071F3F5659E584440BD1857A4D87A52C0931F8C949C584440D61663A2D97A52C0ECAF5C569D5844409017B3BADB7A52C032E3DBFD9E584440F626E893DE7A52C0437FEC34A15844406005BB80E37A52C0AD822205A558444072E27F67E17A52C02D00D353A9584440A678E339E07A52C098D3C5C2AB584440F344E5C2DB7A52C0C99371E2A6584440BA97B656DB7A52C01FC67B68A6584440759B8953DA7A52C0C05ED964A858444068B27B5ED97A52C023BD105AAA584440E1D6206ED87A52C053F07456AC584440D28D5BB6D77A52C094C320AEAD5844405CE292FED67A52C0EB504A1BAF584440B5A70EEBD47A52C08D7D01CFAC5844409B158529D27A52C0DA3602C1A958444091DBEC53D27A52C090C04172A9584440BCF34B02D37A52C07C633C0CA858444065C015BAD37A52C0A3C1E997A6584440010300000001000000100000007A246090A97A52C0EA0E7979AD58444089372EC1AB7A52C06504831CA9584440BF9FA1A3AE7A52C06C4B9355AC584440DF358091B07A52C08137D876AE5844403EBE46AFAF7A52C0BEFE9556B05844404E9B10CDAE7A52C06D16D220B25844409AC59C92AF7A52C0FD933BFFB2584440485239B0B37A52C0FC302D7BB7584440EB3E645BB37A52C091C10527B8584440C13749EDB07A52C036C02E3EBD5844401C980C2CB07A52C0F74652D6BE584440AEEE5400AC7A52C0A4CED844BA5844404411F92BA97A52C0ADA5CC36B75844404BF28249A67A52C0E1B3110CB4584440AA2A0427A77A52C05DBAFB48B25844407A246090A97A52C0EA0E7979AD5844400103000000010000000F000000FC45F70C9A7A52C035673898A6584440CBE898199B7A52C06CAD0E78A45844402C4F465D9D7A52C044A7A6DA9F584440DF501AB29D7A52C0D296CE2E9F58444054BD6F86A07A52C024EF8759A2584440D25A8390A27A52C03EBFD6A5A4584440BA54E75FA37A52C0333D67D4A258444032D34CE8A37A52C085643D72A3584440867A3230A87A52C08339684BA858444079BD4807A77A52C0032F56BAAA58444014A3E0BEA47A52C07025927BAF5844408612CDC9A37A52C0BC6E1A7FB15844402BDA5E6A9F7A52C0903ABC9EAC5844405066ABBB9C7A52C04BF6E497A9584440FC45F70C9A7A52C035673898A6584440,0,0,2,0,0,0,0,0,1,1,0,10,0,0,0,0,0,0,0,0,0,3,BUSHWICK II (GROUPS B & D),BROOKLYN
0106000020E61000000300000001030000000100000047000000C41F1AF2AD7A52C0137F1AF019594440204F4B55B17A52C0CED98D071359444047A85382B27A52C01E73EC5F14594440321577BDB37A52C09330F7D415594440FAEB753CB47A52C05E0B9E6B16594440093850FDB47A52C07D8E034A1759444059449346B67A52C04BFFE9B718594440E59803FEB67A52C085BB208F19594440C904B781B77A52C0C07AF22C1A594440F0C1AECFB87A52C08EB203A21B59444056B6B7FCB97A52C09ABF5FFA1C594440FAC7DB37BB7A52C07BC76B6F1E594440AF7790C6B77A52C08EB5483B25594440EC7665C3B67A52C022027D0527594440298A4FEFB57A52C0FDE940BA28594440BA143EFAB47A52C0143F23A12A5944401E8A0918B47A52C09892B84E2C5944404861F464B37A52C0254664A62D5944402129FB22B37A52C01AE0EF182E594440DDAB9B74B27A52C0077AC8772F59444080019F32B27A52C04BD2D1FF2F5944401EF0F588B17A52C0BC6A2C49315944405245B14BB17A52C0772410CA31594440413B509DB07A52C03E71BD2133594440C3C97769B07A52C088354E9433594440FD6FCDBFAF7A52C02EEED3E4345944404F978882AF7A52C01A7B8A5E35594440CB3F25D4AE7A52C0F674B5CB3659444028C24CA0AE7A52C0C421483E3759444025BFC9E3AD7A52C098D76DAB38594440BD70179DAD7A52C0B481A23A395944401E29FC0AAD7A52C01FA15C673A594440B4BE02A8AC7A52C001D4D62F3B5944406AF4551FAC7A52C0E66DEB3F3C5944400DDAA5B7AB7A52C04A58B8163D5944406E5471B4AA7A52C07D4DE70B3F59444013265BBFA97A52C00DA3460841594440A6D529BCA87A52C0BEB1F7E74259444023B4C070A87A52C0FFFE7E8543594440ABB02D1AA67A52C0374C085548594440E8D1EF58A57A52C02AED01E6495944401244E72BA47A52C0A4FE7886485944400DD8DFFEA27A52C0E37A9B1847594440CC8203BFA17A52C086430DB9455944401BFDE631A17A52C0A8050C1445594440E018FA91A07A52C0CE3EAF60445944409021F4649F7A52C0D328A8EB42594440CE0722549E7A52C0642D7DC541594440764DCB299E7A52C013AA44934159444026C818279D7A52C0CDAAF36540594440B179A8EE9C7A52C09818381E40594440932E9EC19B7A52C0439DDBC53E594440262593879C7A52C00D40E4343D5944407BA4D7E29E7A52C08902DC7A38594440D178F6329F7A52C0AC9858DD37594440C1650828A07A52C0C8EDA2FD35594440366B3E2BA17A52C0E57F49013459444025627E0DA27A52C0C9FA0C0C32594440B42BB410A37A52C04659B50F305944407D76F0F2A37A52C08A67F82F2E594440567929F6A47A52C0A9F1201E2C59444002FD18DDA57A52C04465E3532A594440C9CA52BFA67A52C0FFF8A58928594440BF4944A6A77A52C06F7BECA92659444068E67D88A87A52C09E03ADDF24594440B19D716FA97A52C0BD44C6F822594440F450C95FAA7A52C0B9CA8F2E21594440F1F8B646AB7A52C0C3D453641F5944406A32F028AC7A52C00E23149A1D5944404353290BAD7A52C05152D6CF1B594440C41F1AF2AD7A52C0137F1AF019594440010300000001000000460000006AB6F8F5A27A52C002F39268095944405BBC860AA57A52C0E14FE9440559444061A168FAA57A52C06F13B35C06594440C9CD29DCA67A52C0C486777407594440EE2C7656A77A52C0F997C8FC0759444081B20BCCA77A52C0C3E4178508594440603F9D91A87A52C0D4522B5509594440673C84B0A97A52C0B0ADAEB40A594440C9BB0847AA7A52C0F55EDC600B5944407A804B92AA7A52C073EEC9AF0B594440B13C0E74AB7A52C0C5198EC70C594440978DF063AC7A52C0E27157DF0D5944407E5D7C29AD7A52C08351EAC40E5944401C868456AE7A52C0789A7024105944401C2430C4AA7A52C00FB5657817594440E48EFBC0A97A52C08DD3BF7419594440DFF7BFBDA87A52C00765159C1B594440A3E364CDA77A52C04465CD7B1D594440CB7F4FD8A67A52C0BB8D2C781F594440966A3CE3A57A52C07A70606D2159444020BEDFF2A47A52C0D43F184D235944403374AAEFA37A52C0FBF3714925594440743899FAA27A52C04EE1272927594440472D5718A27A52C05ECD8B2529594440ABBA4523A17A52C0DA9A41052B594440A58D2F2EA07A52C00250A0012D5944409A8F06659E7A52C06A771A96305944406318CC829D7A52C0615F57603259444015B6D99B9C7A52C0D827124034594440FAA5971C9C7A52C0247BFE483559444014C599BC997A52C06AFC58113A594440FCCD5CFB987A52C01BD4249B3B59444006AF24DF987A52C06FFA47773B594440063629E1977A52C01CE4A33B3A594440BAEEAC79977A52C0DE4C04D039594440EE8C3093967A52C049E8BACD385944407EE41606967A52C03B078E2138594440C71B0D58957A52C048AFAD58375944401D85A5CF947A52C0C803D7BA36594440086D3518947A52C045A69CE335594440AAEFD741927A52C04A1288C9335944409415253F917A52C07F6063A33259444032028D4A907A52C0C58F948B31594440B82A01858F7A52C0CB1402A6305944409BAFCF3C907A52C08C35DA382F5944408F265E75907A52C09CAC4BC62E59444020257649917A52C0DAFE87112D594440BA358D3E927A52C06B472A152B594440BC813BA6927A52C0C4D6DB532A594440AD449D33937A52C0DA29F54A29594440F60B4EBC937A52C0AEC961252859444063CF3D61947A52C0F8B0B1F8265944406F12C7FC947A52C06E647CB625594440A497E5D0957A52C07AFEBAD62359444006FBF3C5967A52C0BBA2850C225944400A602EA8977A52C0D022494220594440C7AC688A987A52C0CE940C781E59444046215D71997A52C0D9D526911C59444053C193539A7A52C01DDD69DC1A5944400CD5632C9B7A52C0E4AD271219594440F5027EBE9B7A52C0027799EC17594440DF7EBF1C9C7A52C0296F723217594440B44BD7AE9C7A52C0C1BB361B16594440B72CAA039D7A52C0BA1FB57D15594440295FE7E59D7A52C06F79FA9D13594440349AD6CC9E7A52C0945BBDD311594440CF2210AF9F7A52C0885B800910594440344E4891A07A52C0DE5D413F0E5944400A3F3778A17A52C0970306750C5944406AB6F8F5A27A52C002F39268095944400103000000010000003E0000007C30B4F7B67A52C092B0F95B41594440BD67C7D8B57A52C00815F7114059444050D27CBCB57A52C0810D95594059444093B612B7B37A52C0EBC74A0D3E5944405742D0F0B07A52C0024671DB3A5944405940C774B17A52C086C15ACB3959444002E809D3B17A52C0832D331139594440CB086DA7B47A52C02D81E63B3C594440E118D7ACB67A52C044A530883E594440E6C2F7DBB67A52C0CED21B2B3E594440E2F0138FB77A52C05E8172A83C59444027A11193B57A52C0365E826A3A594440538A18C8B27A52C093C1D03F37594440940DE95EB37A52C0B0EDEC0B3659444052BA73B8B37A52C0150D186035594440AADB484FB47A52C0096DB6163459444024E78F8CB47A52C0844FAB8E335944405128EC7CB57A52C0817DF2AE31594440481CF971B67A52C0C5E28DDD2F594440652B3254B77A52C07C6151132E594440D1226B36B87A52C0FDF310492C594440B99AA018B97A52C0172A50942A594440E0CFF808BA7A52C0C075EDC228594440304FC065BB7A52C01E4369E1255944403060B3A4BD7A52C041754E7D215944401D009894BE7A52C0FA66EB8D22594440BE812C89BF7A52C01BD736BB23594440AA29A76FC07A52C0DB03A5C4245944401FDB0E79C07A52C041DEFED224594440889FA46DC17A52C05B091DF925594440285E885DC27A52C040F1E410275944408F405D6EC37A52C031FDE32F2859444039D4498FC37A52C0FB28C453285944401B9051BCC47A52C02A179DC1295944406B1E22CDC57A52C045EE44FD2A594440820A2CFCC57A52C04EB27E2F2B5944403F714A08C77A52C0350AA5552C59444052A65537C77A52C0B1CADE872C5944404756CADDC67A52C0A35ADF3A2D594440890C27F2C57A52C05E9A440C2F59444058863B0BC57A52C012F458CF30594440DF600529C47A52C0A8BF438B3259444037A57E8DC37A52C0829D24BF3359444071AB603DC37A52C00908D463345944408DE31F9DC27A52C0EE5287BB355944406A6EDC5FC27A52C0A8E9142E365944401142C4ACC17A52C0C7FF409B375944401145EE78C17A52C060747FFF37594440080BB3B7C07A52C0EE2B2282395944401422488DC07A52C0A2C53ADF395944406F1178D5BF7A52C0B6E0E0613B5944409C200EABBF7A52C0260CA3B03B594440E5E522E5BE7A52C02CEA9C163D594440B20A0732BE7A52C0E99646993E5944406753E502BE7A52C0E3C784FD3E5944402C07397ABD7A52C061069A0D40594440878CF61BBD7A52C07BD5C3C740594440A0F36AC2BC7A52C08D6CED81415944404811DE68BC7A52C006F0183C42594440BC0711B1BB7A52C0C91241A943594440EBBD91B2BA7A52C037169EA5455944407C30B4F7B67A52C092B0F95B41594440,0,0,0,0,0,0,0,0,0,4,0,11,0,0,0,0,0,0,0,0,0,2,BUSHWICK II CDA (GROUP E),BROOKLYN
0106000020E61000000100000001030000000100000029000000AC875BB8057C52C03B2718B9BE5B44408E99AF24067C52C036B38F71BE5B4440B043E0E00A7C52C01ADC8340D45B444096F453D50D7C52C0CABD12F1E15B4440B1E5F2A9277C52C081589820D25B44408B26977D2B7C52C0F9DDE8CECF5B44401753D7CC2E7C52C00A2DC15CFB5B44402BA4120C2B7C52C00C507C2DFD5B44404E408940257C52C02B52C806005C4440CB28619F1F7C52C0B8A99FCA025C4440901B72391E7C52C0801B607D035C4440356FFE9C187C52C014C50A3A065C4440F24257EA147C52C09E2AEF11085C4440870DC8FC097C52C0B1E4A46E0D5C4440CD4692A2017C52C00FC39D89115C4440DCB02D42007C52C0D294133D0B5C444064A017AEFE7B52C07AB88719045C4440AF84F9B8F17B52C0B1567132C95B4440D30DEA8CF27B52C04C3909C0C85B4440ECB4F86EF37B52C09219A34DC85B4440079B0851F47B52C05EDB3EDBC75B44409A7AF045F57B52C0462B6053C75B4440E39B2336F67B52C0DC0782CBC65B4440A279EFFBF67B52C00971936EC65B44409F371B0DF87B52C07ACF3CD1C55B4440B2B729EFF87B52C04E48D85EC55B44400A7739D1F97B52C09BB373ECC45B4440CC2BFFB7FA7B52C0E7720E7AC45B44402576119AFB7B52C0F5022CF2C35B444091DD1F7CFC7B52C0E554C57FC35B4440DFB31250FD7B52C091EADCF7C25B44405797D336FE7B52C0235422A2C25B4440FF1D2735FF7B52C0579A451AC25B44406A061609007C52C0C7B5DCA7C15B4440328FDBEF007C52C043117735C15B4440BD0F0DE0017C52C08A3B96ADC05B4440DD2D15E3027C52C0E38EBA25C05B444034FD03B7037C52C0167451B3BF5B44406BCFA01E047C52C000704781BF5B4440F7D532A7047C52C03D1EF040BF5B4440AC875BB8057C52C03B2718B9BE5B4440,2,4,0,1,0,0,0,0,2,15,7,12,0,0,0,0,0,0,0,1,0,12,COOPER PARK,BROOKLYN
0106000020E6100000010000000103000000010000002A000000558A61A7B67A52C0F697C8E507594440CACDB5D6B97A52C000B4CC6F015944406A310C7ABD7A52C0D5F1138005594440920C2905BF7A52C0AE20B83507594440CC5FE4C1C27A52C02624AB84FF584440141C53F0C77A52C043643A67055944409A7E718FCF7A52C0AE8FD2CBF55844408ABAFEC7CF7A52C0270C4359F5584440227ED92FD37A52C03AFFB170EE5844400AC9A7B7D87A52C043F1D7BEF4584440CEB94A58DB7A52C0EE6E4AB7F75844401C80BB8EDC7A52C09B85FB1DF95844403739EA79DD7A52C038816B27FA584440200B4B52DE7A52C07AF4561BFB584440A991665EDF7A52C0C006D04FFC584440C4486C1CDF7A52C04B1EDCD7FC584440C372C930DE7A52C02E6D97B7FE584440D5D8FF57DD7A52C025158973005944409609CA75DC7A52C091E0C93D025944402DEC9193DB7A52C0311A5F1604594440117DEBE9DA7A52C066D4E666055944404A1BB873D47A52C03CC5B3A112594440594DE8DCD37A52C0473DC2DC13594440AB06AB3CD37A52C0F5C7212615594440955BDDA5D27A52C0D6B6DB5216594440E7DDC213D27A52C0B186C286175944404463B6DCD07A52C08BE9D9FC195944409BD6D553CD7A52C088465B3B2159444021034DDCCA7A52C032D65B4B2659444007A05EF5C97A52C08342EE2328594440D0B14068C97A52C05BD417862759444023EACD31C87A52C04C5A9026265944400888E7C4C57A52C0D05DAA6E23594440BBCD4DD4C27A52C079B6F018205944404F05D7A5BD7A52C0B235B2441A5944405E55EA05BD7A52C033A956911959444047F15311BC7A52C0D57861721859444090C08D33B97A52C0AF37012B15594440BA8FB476B67A52C09FAD80071259444086F4E669B37A52C02206BC860E594440425E435AB47A52C0FDFBD99F0C594440558A61A7B67A52C0F697C8E507594440,0,0,0,0,0,0,0,0,0,4,0,13,0,0,0,0,0,0,0,0,0,2,HOPE GARDENS,BROOKLYN
0106000020E6100000020000000103000000010000002300000033CA9ECEF77C52C0652FDE5F42594440FF10B801FB7C52C0EC2040A64159444065627DDFFE7C52C0D83681B0675944401A130CCC007D52C0BA9C0F877A594440258884A8017D52C0F92C9E10835944400979C3D1FF7C52C025828B7483594440ECAE0819FD7C52C06400720A8459444099076EA0FB7C52C0F5CDF258845944402B59D327FA7C52C0136475A7845944401DAA3115F27C52C0E26AA953865944401D1E422CED7C52C0C19EBB5B8759444008A72A49EA7C52C09CC7BEF8875944403F24C86AE77C52C0C918998E88594440F0CCFA82E47C52C07E159A2B8959444084C1C913E37C52C0EB571C7A89594440DEF47896E17C52C0E47699C889594440F5309222E07C52C0E5571C178A594440D6BBF5A9DE7C52C0ED2E9A658A594440D00C2E44DD7C52C089B3F2AC8A594440BBDFFCD4DB7C52C0043D74FB8A5944408111806ADA7C52C04EA9F6498B594440911B2FEDD87C52C0BED174988B594440CF986887D77C52C0DDD8CADF8B594440C70B3618D67C52C099CF4B2E8C594440017803A9D47C52C0B9A1CC7C8C5944408B7C883ED37C52C0072423C48C5944408BECBFD8D17C52C029C2A5128D5944403C6C6A9ACF7C52C0BEB8F58B8D5944404665B795CF7C52C0BF31A07D8D59444075989F3CCF7C52C08B573CE18959444012BB14CCCE7C52C0E52864588559444030244C6ECE7C52C0DFFD2C9881594440F36E76F2CC7C52C0280AAA7A725944409535A348C97C52C0BE68DB064D59444033CA9ECEF77C52C0652FDE5F425944400103000000010000000F000000DBD45449C77C52C01C643DB13A59444076E5D24FC37C52C069A8843712594440084DB95CD67C52C014AC596B0D594440A3383DBFD67C52C0F9A014EB10594440BAA13C4DD97C52C09E99FADB13594440EB3DE9ACE07C52C08460DB0B12594440D6AFA988E27C52C0BA424B530E594440E5BA0918E27C52C04BE364A10A59444038CDC112F27C52C065D606C8065944403CBB9729F57C52C0BF12640E06594440CB8F65C0FA7C52C08D76B44B3B594440C9F8232FF77C52C00595E7213C594440FC21D17EC87C52C0C984ADEC4659444058A7C0E8C77C52C0AE50081341594440DBD45449C77C52C01C643DB13A594440,0,0,0,0,0,0,0,0,0,0,0,17,0,0,0,0,0,0,0,0,0,0,MARCY,BROOKLYN
0106000020E6100000030000000103000000010000002B000000AEA627AB237C52C08F51AA56AE584440271B6A5A267C52C071EA95B2AD5844404420253D287C52C05EB1CA9CBF5844404ACBCE5E257C52C0B7D5D240C05844406603F125207C52C0F0A73265C15844405D08F9F31E7C52C0506F5BA5C15844400193F1E21D7C52C0BAF08EE5C1584440BD34ECD11C7C52C06028971EC2584440F2247CB71B7C52C0BCF5C75EC2584440E7100C9D1A7C52C071ADF89EC2584440E67E7095197C52C0463403D8C258444070D44A76187C52C0DC8B3018C3584440EC8B4465177C52C066926358C3584440B1163F54167C52C0D84E6B91C35844402CC63843157C52C0E62C9ED1C35844404F71C928147C52C0FC2FA30AC4584440C2D3C117137C52C073F5D34AC4584440AB272610127C52C07AF2DD83C4584440DEEEB5F5107C52C09AEC0DC4C4584440FF62B0E40F7C52C0DF2E15FDC45844402E938AC50E7C52C00BB4433DC5584440E2A4B5300D7C52C0F5D1FA99C5584440901A78920B7C52C0303EADF6C5584440073A52730A7C52C0126DDB36C658444059742E54097C52C01B3FE06FC65844408649E826087C52C0B9B331B7C658444021A1C307077C52C0AE9E5FF7C65844401A20E8E3057C52C09C258C37C7584440C05058BB047C52C01F48B777C75844405C0C7E97037C52C0B4B1E1B7C75844408D525978027C52C0A0410FF8C7584440E32B154B017C52C02ECF3838C85844405A24EF2B007C52C0CC416478C85844400189F4F9FE7B52C08785B7BFC85844402604EF27FD7B52C0DD1E8523C9584440A2C98D1EFD7B52C08F0FDCDBC8584440912EB4EFFC7B52C0D5FEE602C758444098FD24BCFC7B52C0533F723FC5584440C6F9478DFC7B52C045262683C358444085F96D5EFC7B52C02B7F87B8C1584440CE096FBAFB7B52C0AC310490BB5844403ADB5453FB7B52C0CE5119DEB7584440AEA627AB237C52C08F51AA56AE5844400103000000010000000F0000005ABBF18CD27B52C0D1B95A15D35844409875D617D27B52C08D97A093CE5844400409024DCC7B52C05ABA34F8CF5844407394BA06CC7B52C06BD7ED64CD584440AEA7A754CB7B52C00C94E426C758444060C622D6CA7B52C08DA852ACC25844400E4376D1CA7B52C09BD8AA64C2584440EEE3B164F47B52C0F4529549B9584440A1EB66ACF67B52C026E240C9B858444006F3AC85F87B52C0CA53D540CA584440C42F0FFCF57B52C0D44197D6CA58444046CE89F2E87B52C0BBCFE7DFCD58444008E12781E37B52C0E286CA20CF58444097C54E66DD7B52C0BC04768CD05844405ABBF18CD27B52C0D1B95A15D35844400103000000010000000C000000FB5D5EB2047C52C0719AAE6B9C584440732537D6057C52C0A92A822B9C584440B3A91E5E067C52C0C2D0E31FA15844407FAB34C5067C52C053DDCBFCA4584440417E6CFD067C52C01BE6103AA7584440FC0772AF077C52C09E15B840AE58444011EFDFE7FA7B52C063A1D63BB1584440DB35732CFA7B52C048222E35AA58444012FF7288F97B52C0E9F8D313A458444027794505F97B52C05368F5099F5844400C0F7F3E037C52C0F88942C19C584440FB5D5EB2047C52C0719AAE6B9C584440,0,0,0,0,0,0,0,0,0,0,0,20,0,0,0,0,0,0,0,0,0,0,ROOSEVELT I,BROOKLYN
0106000020E61000000200000001030000000100000021000000D681F5E1CE7B52C017FD4B8DE5584440CC962D4CCE7B52C0323EA7DCDE5844404E0EE1E9CD7B52C047DFF185DA58444097AFA477E07B52C01E4D324AD65844409BD979F1E07B52C0F55744AFDA58444034414E6BE17B52C041A47F1BDF584440EDFD6C31E77B52C07CC9B7DADD584440EA137981E77B52C0F9332693DD584440780325EEEC7B52C07D46C267DC5844402B591F87EC7B52C0C3A93518D85844407EA06B1BEC7B52C0DE077F96D35844401973BFA4F67B52C04216C51BD158444094AC690DF97B52C06307258DD0584440A08D19F0FA7B52C0A374391AE2584440F0D55B58F87B52C06EDAF7AFE25844409856E208E87B52C02BF6D379E658444040306AF3DE7B52C01BA79C90E85844405E588CCFDD7B52C02A36F1D7E8584440D18F919DDC7B52C0C2AF3F1FE9584440372EE166DB7B52C0C3B48C66E95844402D16E534DA7B52C0C6FADAADE9584440536A281FD97B52C06AD1DCE6E95844409EDCE1F1D77B52C04C322E2EEA584440EE7BB9D2D67B52C0D2A08175EA5844407435BEA0D57B52C0AC3EA6B5EA584440DDA44C86D47B52C0B4EDF8FCEA584440EFF73046D37B52C049774444EB584440B7690927D27B52C0D8416E84EB584440C0AE0B73CF7B52C0DC5A4621EC584440A671F756CF7B52C039F1A6D7EA58444034C4D52CCF7B52C0AEAEB2FEE858444011FB6607CF7B52C0017D3F3BE7584440D681F5E1CE7B52C017FD4B8DE5584440010300000001000000130000007FB8D1C7C57B52C00FB53355E75844402BE55EA2C57B52C0A29994B5E55844408EC7F966C47B52C0EF04B5F5E558444007FA2838C47B52C087FFECF8E35844405DCE1C1AC57B52C0B9FF31CEE3584440761718FEC47B52C0D3309803E2584440CA7F3E5CC57B52C045E50AE7E1584440C3328449C57B52C08B9D641EE1584440CA5A37E7C47B52C065C52CDDDC584440CD6E0C3DC77B52C0F600E45CDC58444033E3E492C97B52C065A66FD5DB584440BA26D0FFCA7B52C010D86762ED584440BBB656D4C87B52C04B5B94DBED5844408DAC3F62C67B52C049812B6AEE58444091BD7A41C67B52C02B86B4FCEC584440BD7C6A25C67B52C0A3116C96EB5844400EC2A304C67B52C03D924937EA58444043B495E8C57B52C082F8D3C9E85844407FB8D1C7C57B52C00FB53355E7584440,0,0,0,0,0,0,0,0,0,0,0,21,0,0,0,0,0,0,0,0,0,0,ROOSEVELT II,BROOKLYN
0106000020E61000000200000001030000000100000040000000322757BB8F7B52C02DFDCAF128584440E41B6C548F7B52C0155D174524584440906046C8907B52C07B66B8F623584440C4C129CB917B52C03546B4BD235844401A6256C9927B52C06E8FB084235844401B34EFD0937B52C0CAACAF4B2358444021F03ADD947B52C0C028B01223584440DE75D2E4957B52C09E1FAFD9225844406DC5B5E7967B52C06492ACA022584440F4BDD506987B52C0E7518960225844401A2B6E0E997B52C0ACD85C2022584440A2E706169A7B52C0049459E72158444080E3E8189B7B52C0F0BA56AE21584440C0FDE9299C7B52C0FB1E5875215844403E6A81319D7B52C01090563C21584440F5DE1B5BA07B52C059E42D8A20584440702E3F7AA17B52C0BEC2DC4220584440E13AFF2FA37B52C04AF8E6D71F58444033CB6F9AA47B52C0F45CAE901F5844401AEFE004A67B52C05420213B1F584440537391CAA67B52C015805D101F5844408EB89C41AE7B52C03598B4641D584440C9D9F4E1B37B52C0E5C0CA1C1C58444001761EA1B57B52C08CBA02B91B584440BF68154BB77B52C0D6DC5CD52D584440F76D72A3B57B52C043F92F392E5844400DF86EAFB17B52C030A774242F5844401C758BACB07B52C03816795D2F584440A648ABE8AE7B52C0550741C12F5844407127EB32AD7B52C086B8E31D30584440E39BC913AC7B52C0108E0A5E30584440AF3A89E6AA7B52C0E35356A5305844400BD46038AA7B52C0951EF4C83058444063A667C7A97B52C07C0C7BE5305844408CC792A3A87B52C047EB761E31584440C3A42689A77B52C0E6E29C5E31584440BFCE5065A67B52C041DBC19E3158444096001038A57B52C08FF3E1DE315844408D300BE8A47B52C03D2620ED3158444095ADD53AA47B52C0E8E820D82A584440AEAC040CA47B52C0C7CEAEE928584440DB612337A17B52C05643748629584440D8D0B0CC9F7B52C0D93C2CE329584440F186AEBB9E7B52C0C36454232A584440690CAFAA9D7B52C02DB4FE4D2A584440F6A9C9A79C7B52C02E3856952A5844400D54C7969B7B52C0781380D52A5844408A379A989A7B52C0391E5B072B58444002B47879997B52C0888080472B58444064789576987B52C06672AE872B58444004F89465977B52C0DC9181B92B584440C46FB062967B52C0F05DAFF92B58444021368464957B52C087E75C242C584440A2F89F61947B52C007C6B56B2C5844406D65BB5E937B52C0C16CE1AB2C5844401648888D937B52C08E28AAA82E5844408AC09C2C947B52C0BF0CD1C4355844400BF31215947B52C0F517F3CB35584440E0F9F1F5927B52C0F9C1EC04365844402F4ED1D6917B52C0128C114536584440A20158DD907B52C08E6EEB7636584440A785604C907B52C066634A702F58444025294C22907B52C0B44C055E2D584440322757BB8F7B52C02DFDCAF1285844400103000000010000003700000091D5EAD5B87B52C06CD7E8240D584440212DA736B87B52C04461334B07584440271D1AAAB77B52C0D9C3784802584440020BBA45BD7B52C0709060F9005844408FF1DA86C07B52C02015B8310058444098A76513C17B52C04368195105584440571A6E7AC17B52C08C86AC4A09584440FC42718BC27B52C0DC9456030958444024398EAAC37B52C02A7B82D1085844407442AEC9C47B52C033BD5B910858444031EBCDE8C57B52C030C3074A085844402CEB0D16C77B52C066C7B90208584440F3892D35C87B52C0958E67BB07584440E0C62067C97B52C093F9457B0758444053B86094CA7B52C08DC5F53307584440231A9EC1CB7B52C03067A7EC065844403A3092F3CC7B52C06A6158A506584440642BD120CE7B52C053083565065844404F7E0E4ECF7B52C0A95FE61D065844405CB9BF24D17B52C0D93449C10558444094D4EC22D27B52C0EBA0EC7905584440B3D3B217D37B52C0C3408D3205584440FED955B5D27B52C0FB74F96301584440E32F3532D27B52C0D81C4536FC57444077965551D37B52C06506F2EEFB574440B527DFDDD37B52C08A56D2230158444081C0ED44D47B52C02A2BE70705584440D0C41E43D57B52C0BFBD08AB0458444056793B62D67B52C0741D3579045844409CFE0D86D77B52C0C40A8C4E045844404B2C9CFED87B52C090A7D2F1035844403A731069DA7B52C0ED47977F0358444038162D88DB7B52C0D151C14D03584440EA7B0F8BDC7B52C0176165060358444068E05B97DD7B52C0594937C60258444089004DC9DE7B52C0C17B669402584440F8CAAB04E07B52C043CF9A3702584440C94D979DDF7B52C06F33DA8CFE5744400FE5BC6EDF7B52C077948FD0FC57444069E2C630E27B52C089458D2CFC57444076CF9715E47B52C053F473BAFB574440A6A7D4A3E57B52C0BECA71650A584440B1318886E37B52C06073A4DE0A584440C92481E8D47B52C06DD042360E5844406E1D32A9D07B52C090ADCE2F0F584440AFE52E9FC67B52C0680EBE8611584440E299E7EEC17B52C0A84ECF9C1258444025D7AD11C17B52C0F4B8B6CE1258444050F64FE7C07B52C024C6FCDC12584440255C7BC3BF7B52C0A1C1231D13584440FD097AB2BE7B52C09E37505D135844407B913985BD7B52C085839DA4135844402DB20DA4B97B52C0ADAEC08814584440F5BD9D8CB97B52C0411D44C71358444091D5EAD5B87B52C06CD7E8240D584440,0,0,0,0,0,0,0,0,0,0,0,22,0,0,0,0,0,0,0,0,0,0,STUYVESANT GARDENS I,BROOKLYN
0106000020E6100000020000000103000000010000001F000000EFD5D54E2F7C52C097BCC62D275944409DCD9157327C52C0BA8D9E8226594440758EBD0F397C52C02E513E0F675944403774E8D7357C52C0D7815BBA675944406C596D16307C52C03295F1EC68594440DB7D6BF12C7C52C0697EE8906959444041A29C3B2B7C52C0913498ED69594440EE69ED93297C52C046594F4A6A59444048162D7E287C52C0682A57836A59444020C6D671277C52C0DB6A61BC6A594440169A5678267C52C05C6C45EE6A594440E142006C257C52C0227651276B5944403D87F55A247C52C0563A5A606B59444075ABBF5C237C52C099C23C926B59444084FD752F227C52C04BFE68D26B594440D03569F91D7C52C07B5E90B66C594440E9B8228D1D7C52C023E7F0CB6C5944407AAFD75F1C7C52C0C8A81C0C6D594440A485D92D1B7C52C01A1D454C6D594440BF0970F2197C52C0A4D96C8C6D594440BC48E7A8187C52C00CDCBBD36D59444037BD2304187C52C09A1C38F06D59444031AF868B167C52C09D7DA13E6E5944406790C643147C52C02FAFD1B76E59444066DCC7DF117C52C0A7494E3F6F5944401DBD15D00D7C52C08097CC426A59444003EC50720D7C52C01755DD11675944406570DF0F0D7C52C00C8E71A06359444067113ECE0C7C52C08DDC005C6159444085F4293D077C52C035164BD72F594440EFD5D54E2F7C52C097BCC62D275944400103000000010000001200000079F389233C7C52C0315E07FA57594440657BC7BC367C52C07CF0E17F24594440DAAB2D5F5D7C52C0B44DA3071C594440A5508B3D607C52C08D38BB6A1B59444011094F79627C52C0C1E7B75E325944401C9D2A28607C52C0E6FA1CDF32594440A40E6231537C52C0F8FC2DA13559444084D110594A7C52C0E969218637594440DA2F99144B7C52C0219275533E5944404C23E2784C7C52C01561F3654B594440934D2522557C52C052CAEE8049594440C1418500587C52C03625DDDC48594440503537F4587C52C097433EB7525944400A57DC8E597C52C024F88E0359594440544F20205A7C52C01A9E0B015F594440E38B1A833D7C52C0EA185A0565594440E62A69E83C7C52C07AC7D45D5F59444079F389233C7C52C0315E07FA57594440,0,0,0,0,0,0,0,0,0,0,0,24,0,0,0,0,0,0,0,0,0,0,SUMNER,BROOKLYN
0106000020E61000000100000001030000000100000017000000ECC37B32BE7D52C0B8143A322C5A4440046589C5B67D52C0EADBF1C81E5A444051B4C470B67D52C08BFA5E341F5A4440C3B7D428B47D52C054082D1D225A44405D47F968B07D52C011C9F40E1B5A4440CD2B8C40AF7D52C08C57E4DF185A44406D2EB4EFAC7D52C0DFF6977A145A4440154088C7B37D52C070F781780B5A4440F0A58865B87D52C00205926D055A4440178C4DBAB87D52C0CF93FBFA045A44408C737506BB7D52C08F66F326095A4440FF545553C47D52C0CBADD4011A5A44408C0F99E8D17D52C0862A66D7325A4440477EE442D47D52C0556E5B2E375A4440181095D6D37D52C05CA36EB6375A44409810A15BCB7D52C050B2B4D1425A444049823828C87D52C043BDFC03475A444009608164C67D52C09BA43AB6435A444050382F3BC37D52C0B939BAC63D5A44406C9550EAC07D52C0A9EDEC76395A4440D8E22895C37D52C0267336E2355A4440D06EC13BC37D52C0FB5E8344355A4440ECC37B32BE7D52C0B8143A322C5A4440,0,0,0,0,0,0,0,0,0,0,0,25,0,0,0,0,0,0,0,0,0,0,TAYLOR STREET-WYTHE AVENUE,BROOKLYN
0106000020E61000000100000001030000000100000022000000B8F103676A7C52C06748543955594440AC28E7B4697C52C0D467341D4E59444042F23E99647C52C09EFBE5131A5944403D2455C28C7C52C0D6F316AF105944404025B1A08F7C52C086EED00310594440F0808AA6957C52C0909E08E851594440B0622539937C52C041356F6852594440D75380E1917C52C021D6C1AF52594440671637B4907C52C0681CF7EF5259444009B9CE788F7C52C07F30523753594440E4197B6C8E7C52C04EF2637053594440F971E7438D7C52C01E119AB0535944403BC315FF8B7C52C0CD50C9F053594440960D1D5C8A7C52C037CA8A4D54594440082E82E3887C52C003CC019C54594440BDCB1358877C52C03C639DF15459444035DFE2E8857C52C07B6D144055594440F9C8544F847C52C08036AE95555944408371D9E4827C52C0A51726E4555944402DE1DE8D7E7C52C048F68CCF5659444027BA65E47D7C52C08AE635F356594440FDB852C27B7C52C059795465575944406989898E7B7C52C0273C9E7357594440731F7EC9777C52C0189D503B58594440EF1C7A15757C52C01B8A1ED15859444012B631E8737C52C074864F1159594440ED7072D2727C52C0E8E15E4A59594440CE2A3B13717C52C0ED8116A759594440FDD509A46F7C52C0B6538BF5595944407154B9266E7C52C0C3A4294B5A59444040CE51F86A7C52C06E0E55F65A5944406009D1D26A7C52C0A157E08859594440DB18F2A36A7C52C06F4198A157594440B8F103676A7C52C06748543955594440,0,0,0,0,0,0,0,0,0,0,0,26,0,0,0,0,0,0,0,0,0,0,TOMPKINS,BROOKLYN
0106000020E6100000050000000103000000010000001700000096555917417C52C0921AB6E2C25A44404A8F4DDE437C52C0634D4D5BC25A4440D02A3702497C52C0F8363656015B44402E989215467C52C0012E98DD015B4440F50E18C3417C52C01E75EE9D025B4440AE226B4A407C52C0268709DE025B4440B4E5FEED3E7C52C0C7D12B1E035B4440827BFC293D7C52C0A575856C035B4440957CFBD63B7C52C0AFA580A5035B44405D84427F3A7C52C0E6BFA3E5035B4440C10B0210397C52C0FF57951E045B4440CB0D0A9C377C52C00F09DA65045B444095257E31367C52C08F94CC9E045B4440E11B86BD347C52C072FB10E6045B4440F0E6B936337C52C0E30E2526055B44404A75A1B4317C52C0595B676D055B44402E058F98317C52C025C04BE3035B4440AE89C777317C52C0B4C10152025B44408E3F0657317C52C06142BC95005B4440F8EA8F31317C52C0B53D4CD2FE5A44406B2B2AB3307C52C057020286F85A4440BF6F11CE2C7C52C027A701B3C65A444096555917417C52C0921AB6E2C25A444001030000000100000011000000CC06686B927C52C0EDBB5643B35A44405DDC2DB6957C52C0E91DA7ADB25A4440B9771DAD987C52C073418951D75A4440E3F8E9D59A7C52C09AA8C037F25A444041AA14AC977C52C0B8C324BFF25A444067C8BD578C7C52C0D87B829CF45A4440E7F70796867C52C02BEBBD8EF55A44401F6A903C867C52C0261126A4F55A444063D1DB37867C52C02FEE24A4F55A4440513A7BD8837C52C0CD63E107F65A4440B6B356AE837C52C0214CCBD1F35A444004F32F84837C52C03EE334B1F15A444063FD085A837C52C07705F19EEF5A44408C9754EE827C52C095852514EA5A4440DF2883FF7E7C52C0444CD0A8B65A444086798A26917C52C038EF3175B35A4440CC06686B927C52C0EDBB5643B35A44400103000000010000001200000066EBDAFA5B7C52C055E06020BE5A4440319FB9745F7C52C00E1B757CBD5A44407E7A54EF637C52C099B2D293FC5A44403C91E8CE607C52C07BD40314FD5A44403698A65F5F7C52C0F9722454FD5A444061FEF15A5F7C52C04E432354FD5A4440B60F654A5B7C52C079DDE8F7FD5A4440F6CDE2BE597C52C0FF0A2B3FFE5A4440BB83A14F587C52C061C01F78FE5A444007CBB6BA567C52C03DF135B8FE5A4440C5552B50557C52C0EB8C2BF1FE5A444020F23BC24F7C52C0540933DCFF5A44400392BB364E7C52C057C5481C005B44406EFE391C4D7C52C04392FF46005B4440F78FCC9D4C7C52C0240D3410FA5A4440472E03164C7C52C0FCB36F58F35A44403F2F5027487C52C0F7DD45D4C15A444066EBDAFA5B7C52C055E06020BE5A44400103000000010000000E000000812EAB147B7C52C051D867D4E35A4440ED11B67B7E7C52C059AAEF45E35A4440748D2D13807C52C006F4E389F75A4440D03ED7B07C7C52C029623411F85A4440DFAB1610777C52C040F7F1EDF85A4440DF9B6C97757C52C02C48E726F95A4440514CF544717C52C0EE24CCD1F95A44407F6C5E916B7C52C0E8C7ABB5FA5A4440809DF3346A7C52C0B5F5A6EEFA5A444008461E40697C52C09D293C12FB5A4440F23819CB687C52C0CEECCCBEF45A444044071256687C52C0176ADB80EE5A4440A205A3C9677C52C0093F7600E75A4440812EAB147B7C52C051D867D4E35A4440010300000001000000080000005CFA26A4777C52C019606795B85A44409A8EE10F7B7C52C01EE1C7FFB75A4440B17940997C7C52C0220968DFCB5A4440DF5BA13B797C52C0B6C46183CC5A4440194C9011667C52C0620B9C0CD05A44400630D422657C52C04105BC65C35A44409E9C6696647C52C02BB654E5BB5A44405CFA26A4777C52C019606795B85A4440,0,0,0,0,0,0,0,0,0,0,0,28,0,0,0,0,0,0,0,0,0,0,WILLIAMSBURG,BROOKLYN
